   Woah! You appear to be trying to run flutter as root.
   We strongly recommend running the flutter tool without superuser privileges.
  /
📎
[ +215 ms] executing: uname -m
[  +44 ms] Exit code 0 from: uname -m
[   +1 ms] aarch64
[  +32 ms] Artifact Instance of 'MaterialFonts' is not required, skipping update.
[   +1 ms] Artifact Instance of 'GradleWrapper' is not required, skipping update.
[   +1 ms] Artifact Instance of 'AndroidGenSnapshotArtifacts' is not required, skipping update.
[        ] Artifact Instance of 'AndroidInternalBuildArtifacts' is not required, skipping update.
[        ] Artifact Instance of 'IOSEngineArtifacts' is not required, skipping update.
[        ] Artifact Instance of 'FlutterWebSdk' is not required, skipping update.
[   +5 ms] Artifact Instance of 'LegacyCanvasKitRemover' is not required, skipping update.
[   +1 ms] Artifact Instance of 'FlutterSdk' is not required, skipping update.
[        ] Artifact Instance of 'WindowsEngineArtifacts' is not required, skipping update.
[        ] Artifact Instance of 'MacOSEngineArtifacts' is not required, skipping update.
[        ] Artifact Instance of 'LinuxEngineArtifacts' is not required, skipping update.
[        ] Artifact Instance of 'LinuxFuchsiaSDKArtifacts' is not required, skipping update.
[        ] Artifact Instance of 'MacOSFuchsiaSDKArtifacts' is not required, skipping update.
[   +1 ms] Artifact Instance of 'FlutterRunnerSDKArtifacts' is not required, skipping update.
[        ] Artifact Instance of 'FlutterRunnerDebugSymbols' is not required, skipping update.
[        ] Artifact Instance of 'IosUsbArtifacts' is not required, skipping update.
[        ] Artifact Instance of 'IosUsbArtifacts' is not required, skipping update.
[        ] Artifact Instance of 'IosUsbArtifacts' is not required, skipping update.
[        ] Artifact Instance of 'IosUsbArtifacts' is not required, skipping update.
[        ] Artifact Instance of 'IosUsbArtifacts' is not required, skipping update.
[        ] Artifact Instance of 'IosUsbArtifacts' is not required, skipping update.
[        ] Artifact Instance of 'FontSubsetArtifacts' is not required, skipping update.
[        ] Artifact Instance of 'PubDependencies' is not required, skipping update.
[   +2 ms] executing: [/root/flutter/] git -c log.showSignature=false log HEAD -n 1 --pretty=format:%ad --date=iso
[  +92 ms] Exit code 0 from: git -c log.showSignature=false log HEAD -n 1 --pretty=format:%ad --date=iso
[   +1 ms] 2026-06-24 11:07:06 -0700
[  +78 ms] Artifact Instance of 'AndroidGenSnapshotArtifacts' is not required, skipping update.
[   +1 ms] Artifact Instance of 'AndroidInternalBuildArtifacts' is not required, skipping update.
[        ] Artifact Instance of 'IOSEngineArtifacts' is not required, skipping update.
[        ] Artifact Instance of 'FlutterWebSdk' is not required, skipping update.
[   +1 ms] Artifact Instance of 'FlutterEngineStamp' is not required, skipping update.
[        ] Artifact Instance of 'LegacyCanvasKitRemover' is not required, skipping update.
[  +15 ms] Artifact Instance of 'WindowsEngineArtifacts' is not required, skipping update.
[        ] Artifact Instance of 'MacOSEngineArtifacts' is not required, skipping update.
[        ] Artifact Instance of 'LinuxEngineArtifacts' is not required, skipping update.
[        ] Artifact Instance of 'LinuxFuchsiaSDKArtifacts' is not required, skipping update.
[        ] Artifact Instance of 'MacOSFuchsiaSDKArtifacts' is not required, skipping update.
[        ] Artifact Instance of 'FlutterRunnerSDKArtifacts' is not required, skipping update.
[        ] Artifact Instance of 'FlutterRunnerDebugSymbols' is not required, skipping update.
[ +252 ms] Artifact Instance of 'MaterialFonts' is not required, skipping update.
[   +1 ms] Artifact Instance of 'GradleWrapper' is not required, skipping update.
[  +24 ms] Artifact Instance of 'AndroidInternalBuildArtifacts' is not required, skipping update.
[        ] Artifact Instance of 'IOSEngineArtifacts' is not required, skipping update.
[        ] Artifact Instance of 'FlutterWebSdk' is not required, skipping update.
[        ] Artifact Instance of 'FlutterEngineStamp' is not required, skipping update.
[        ] Artifact Instance of 'LegacyCanvasKitRemover' is not required, skipping update.
[        ] Artifact Instance of 'FlutterSdk' is not required, skipping update.
[        ] Artifact Instance of 'WindowsEngineArtifacts' is not required, skipping update.
[        ] Artifact Instance of 'MacOSEngineArtifacts' is not required, skipping update.
[        ] Artifact Instance of 'LinuxEngineArtifacts' is not required, skipping update.
[        ] Artifact Instance of 'LinuxFuchsiaSDKArtifacts' is not required, skipping update.
[        ] Artifact Instance of 'MacOSFuchsiaSDKArtifacts' is not required, skipping update.
[        ] Artifact Instance of 'FlutterRunnerSDKArtifacts' is not required, skipping update.
[        ] Artifact Instance of 'FlutterRunnerDebugSymbols' is not required, skipping update.
[        ] Artifact Instance of 'IosUsbArtifacts' is not required, skipping update.
[        ] Artifact Instance of 'IosUsbArtifacts' is not required, skipping update.
[        ] Artifact Instance of 'IosUsbArtifacts' is not required, skipping update.
[        ] Artifact Instance of 'IosUsbArtifacts' is not required, skipping update.
[        ] Artifact Instance of 'IosUsbArtifacts' is not required, skipping update.
[        ] Artifact Instance of 'IosUsbArtifacts' is not required, skipping update.
[        ] Artifact Instance of 'FontSubsetArtifacts' is not required, skipping update.
[        ] Artifact Instance of 'PubDependencies' is not required, skipping update.
[ +311 ms] Skipping pub get: version match.
[ +666 ms] Found plugin audioplayers at /root/.pub-cache/hosted/pub.dev/audioplayers-6.8.1/
[ +106 ms] Found plugin path_provider at /root/.pub-cache/hosted/pub.dev/path_provider-2.1.6/
[  +16 ms] Found plugin path_provider_windows at /root/.pub-cache/hosted/pub.dev/path_provider_windows-2.3.0/
[  +77 ms] Found plugin path_provider_linux at /root/.pub-cache/hosted/pub.dev/path_provider_linux-2.2.2/
[  +40 ms] Found plugin path_provider_foundation at /root/.pub-cache/hosted/pub.dev/path_provider_foundation-2.6.0/
[ +168 ms] Found plugin path_provider_android at /root/.pub-cache/hosted/pub.dev/path_provider_android-2.3.1/
[  +35 ms] Found plugin jni_flutter at /root/.pub-cache/hosted/pub.dev/jni_flutter-1.0.1/
[  +23 ms] Found plugin jni at /root/.pub-cache/hosted/pub.dev/jni-1.0.0/
[ +109 ms] Found plugin audioplayers_windows at /root/.pub-cache/hosted/pub.dev/audioplayers_windows-4.4.1/
[  +33 ms] Found plugin audioplayers_web at /root/.pub-cache/hosted/pub.dev/audioplayers_web-5.3.0/
[  +37 ms] Found plugin audioplayers_linux at /root/.pub-cache/hosted/pub.dev/audioplayers_linux-4.3.0/
[  +18 ms] Found plugin audioplayers_darwin at /root/.pub-cache/hosted/pub.dev/audioplayers_darwin-6.5.0/
[  +19 ms] Found plugin audioplayers_android at /root/.pub-cache/hosted/pub.dev/audioplayers_android-5.3.0/
[ +483 ms] Found plugin audioplayers at /root/.pub-cache/hosted/pub.dev/audioplayers-6.8.1/
[  +95 ms] Found plugin path_provider at /root/.pub-cache/hosted/pub.dev/path_provider-2.1.6/
[  +18 ms] Found plugin path_provider_windows at /root/.pub-cache/hosted/pub.dev/path_provider_windows-2.3.0/
[  +71 ms] Found plugin path_provider_linux at /root/.pub-cache/hosted/pub.dev/path_provider_linux-2.2.2/
[  +24 ms] Found plugin path_provider_foundation at /root/.pub-cache/hosted/pub.dev/path_provider_foundation-2.6.0/
[  +89 ms] Found plugin path_provider_android at /root/.pub-cache/hosted/pub.dev/path_provider_android-2.3.1/
[  +15 ms] Found plugin jni_flutter at /root/.pub-cache/hosted/pub.dev/jni_flutter-1.0.1/
[  +15 ms] Found plugin jni at /root/.pub-cache/hosted/pub.dev/jni-1.0.0/
[ +103 ms] Found plugin audioplayers_windows at /root/.pub-cache/hosted/pub.dev/audioplayers_windows-4.4.1/
[  +35 ms] Found plugin audioplayers_web at /root/.pub-cache/hosted/pub.dev/audioplayers_web-5.3.0/
[  +33 ms] Found plugin audioplayers_linux at /root/.pub-cache/hosted/pub.dev/audioplayers_linux-4.3.0/
[  +16 ms] Found plugin audioplayers_darwin at /root/.pub-cache/hosted/pub.dev/audioplayers_darwin-6.5.0/
[  +17 ms] Found plugin audioplayers_android at /root/.pub-cache/hosted/pub.dev/audioplayers_android-5.3.0/
[  +77 ms] Skipping generating web_plugin_registrant.dart because it is up-to-date.
[ +379 ms] Found plugin audioplayers at /root/.pub-cache/hosted/pub.dev/audioplayers-6.8.1/
[  +75 ms] Found plugin path_provider at /root/.pub-cache/hosted/pub.dev/path_provider-2.1.6/
[  +15 ms] Found plugin path_provider_windows at /root/.pub-cache/hosted/pub.dev/path_provider_windows-2.3.0/
[  +71 ms] Found plugin path_provider_linux at /root/.pub-cache/hosted/pub.dev/path_provider_linux-2.2.2/
[  +32 ms] Found plugin path_provider_foundation at /root/.pub-cache/hosted/pub.dev/path_provider_foundation-2.6.0/
[  +67 ms] Found plugin path_provider_android at /root/.pub-cache/hosted/pub.dev/path_provider_android-2.3.1/
[  +12 ms] Found plugin jni_flutter at /root/.pub-cache/hosted/pub.dev/jni_flutter-1.0.1/
[  +12 ms] Found plugin jni at /root/.pub-cache/hosted/pub.dev/jni-1.0.0/
[  +70 ms] Found plugin audioplayers_windows at /root/.pub-cache/hosted/pub.dev/audioplayers_windows-4.4.1/
[  +29 ms] Found plugin audioplayers_web at /root/.pub-cache/hosted/pub.dev/audioplayers_web-5.3.0/
[  +27 ms] Found plugin audioplayers_linux at /root/.pub-cache/hosted/pub.dev/audioplayers_linux-4.3.0/
[  +16 ms] Found plugin audioplayers_darwin at /root/.pub-cache/hosted/pub.dev/audioplayers_darwin-6.5.0/
[  +17 ms] Found plugin audioplayers_android at /root/.pub-cache/hosted/pub.dev/audioplayers_android-5.3.0/
[  +51 ms] Generating /data/data/com.termux/files/home/llano_music_app/android/app/src/main/java/io/flutter/plugins/GeneratedPluginRegistrant.java
[  +21 ms] Skipping generating GeneratedPluginRegistrant.java because it is up-to-date.
[  +34 ms] Skipping generating generated_plugin_registrant.h because it is up-to-date.
[  +16 ms] Skipping generating generated_plugin_registrant.cc because it is up-to-date.
[  +15 ms] Skipping generating generated_plugins.cmake because it is up-to-date.
[  +19 ms] Skipping generating generated_plugin_registrant.h because it is up-to-date.
[  +12 ms] Skipping generating generated_plugin_registrant.cc because it is up-to-date.
[  +18 ms] Skipping generating generated_plugins.cmake because it is up-to-date.
[  +21 ms] Skipping generating GeneratedPluginRegistrant.h because it is up-to-date.
[  +15 ms] Skipping generating GeneratedPluginRegistrant.m because it is up-to-date.
[  +17 ms] Skipping generating GeneratedPluginRegistrant.swift because it is up-to-date.
[ +451 ms] Top-level Gradle build file not found, skipping migration of task "clean".
[   +6 ms] Android Studio version could not be detected, skipping Gradle-Java version compatibility check.
[  +10 ms] CMake project not found, skipping support Android 15 16k page size migration.
[  +29 ms] The developer has already configured the Built-In Kotlin flag, skipping migration.
[   +7 ms] The developer has already configured the new DSL flag, skipping migration.
[  +30 ms] Using gradle from /data/data/com.termux/files/home/llano_music_app/android/gradlew.
[ +181 ms] LocalFile: '/data/data/com.termux/files/home/llano_music_app/android/build.gradle.kts' doesn't provide an AGP version. Checking settings.
[   +7 ms] LocalFile: '/data/data/com.termux/files/home/llano_music_app/android/settings.gradle.kts' provides AGP version: 9.0.1
[  +20 ms] Running Gradle task 'assembleDebug'...
[   +7 ms] executing: [/data/data/com.termux/files/home/llano_music_app/android/] /data/data/com.termux/files/home/llano_music_app/android/gradlew --full-stacktrace --info -Pverbose=true -Ptarget-platform=android-arm,android-arm64,android-x64 -Ptarget=lib/main.dart -Pbase-application-name=android.app.Application -Pdart-defines=RkxVVFRFUl9WRVJTSU9OPTMuNDQuNA==,RkxVVFRFUl9DSEFOTkVMPXN0YWJsZQ==,RkxVVFRFUl9HSVRfVVJMPWh0dHBzOi8vZ2l0aHViLmNvbS9mbHV0dGVyL2ZsdXR0ZXIuZ2l0,RkxVVFRFUl9GUkFNRVdPUktfUkVWSVNJT049YWQ3MGVjNDYxNw==,RkxVVFRFUl9FTkdJTkVfUkVWSVNJT049YTEwZDhhYzM4ZA==,RkxVVFRFUl9EQVJUX1ZFUlNJT049My4xMi4y -Pdart-obfuscation=false -Ptrack-widget-creation=true -Ptree-shake-icons=false assembleDebug
[+5251 ms] Initialized native services in: /root/.gradle/native
[   +3 ms] Initialized jansi services in: /root/.gradle/native
[+1239 ms] Removing daemon from the registry due to communication failure. Daemon information: DaemonInfo{pid=12509, address=[3d4b637f-ebdc-4cae-a21a-4bb5dcfbec79 port:45145, addresses:[/127.0.0.1]], state=Idle, lastBusy=1783941058660, context=DefaultDaemonContext[uid=df2fdbe7-da9f-4ac8-965f-22b2a8050837,javaHome=/usr/lib/jvm/java-21-openjdk-arm64,javaVersion=21,javaVendor=Ubuntu,daemonRegistryDir=/root/.gradle/daemon,pid=12509,idleTimeout=10800000,priority=NORMAL,applyInstrumentationAgent=true,nativeServicesMode=ENABLED,daemonOpts=-XX:MaxMetaspaceSize=4G,-XX:ReservedCodeCacheSize=512m,-XX:+HeapDumpOnOutOfMemoryError,-Xmx8G,-Dfile.encoding=UTF-8,-Duser.country=US,-Duser.language=en,-Duser.variant]}
[ +187 ms] Removing 1 daemon stop events from registry
[ +102 ms] Previous Daemon (12509) stopped at Tue Jul 14 02:00:25 WSST 2026 by user or operating system
[   +4 ms] Starting a Gradle Daemon, 1 incompatible and 1 stopped Daemons could not be reused, use --status for details
[+1096 ms] Starting process 'Gradle build daemon'. Working directory: /root/.gradle/daemon/9.1.0 Command: /usr/lib/jvm/java-21-openjdk-arm64/bin/java --add-opens=java.base/java.lang=ALL-UNNAMED --add-opens=java.base/java.lang.invoke=ALL-UNNAMED --add-opens=java.base/java.util=ALL-UNNAMED --add-opens=java.prefs/java.util.prefs=ALL-UNNAMED --add-exports=jdk.compiler/com.sun.tools.javac.api=ALL-UNNAMED --add-exports=jdk.compiler/com.sun.tools.javac.util=ALL-UNNAMED --add-opens=java.base/java.util=ALL-UNNAMED --add-opens=java.prefs/java.util.prefs=ALL-UNNAMED --add-opens=java.base/java.nio.charset=ALL-UNNAMED --add-opens=java.base/java.net=ALL-UNNAMED --add-opens=java.base/java.util.concurrent=ALL-UNNAMED --add-opens=java.base/java.util.concurrent.atomic=ALL-UNNAMED --add-opens=java.xml/javax.xml.namespace=ALL-UNNAMED --add-opens=java.base/java.time=ALL-UNNAMED -XX:MaxMetaspaceSize=4G -XX:ReservedCodeCacheSize=512m -XX:+HeapDumpOnOutOfMemoryError -Xmx8G -Dfile.encoding=UTF-8 -Duser.country=US -Duser.language=en -Duser.variant -cp /root/.gradle/wrapper/dists/gradle-9.1.0-all/7wzd0jkjit61aq2p43wpjgij9/gradle-9.1.0/lib/gradle-daemon-main-9.1.0.jar -javaagent:/root/.gradle/wrapper/dists/gradle-9.1.0-all/7wzd0jkjit61aq2p43wpjgij9/gradle-9.1.0/lib/agents/gradle-instrumentation-agent-9.1.0.jar org.gradle.launcher.daemon.bootstrap.GradleDaemon 9.1.0
[  +95 ms] Successfully started process 'Gradle build daemon'
[+10099 ms] An attempt to start the daemon took 10.255 secs.
[ +302 ms] The client will now receive all logging from the daemon (pid: 25849). The daemon log file: /root/.gradle/daemon/9.1.0/daemon-25849.out.log
[   +3 ms] Starting build in new daemon [memory: 8 GiB]
[+2294 ms] Using 8 worker leases.
[+2401 ms] Received JVM installation metadata from '/usr/lib/jvm/java-21-openjdk-arm64': {JAVA_HOME=/usr/lib/jvm/java-21-openjdk-arm64, JAVA_VERSION=21.0.11, JAVA_VENDOR=Ubuntu, RUNTIME_NAME=OpenJDK Runtime Environment, RUNTIME_VERSION=21.0.11+10-1-26.04.2-Ubuntu, VM_NAME=OpenJDK 64-Bit Server VM, VM_VERSION=21.0.11+10-1-26.04.2-Ubuntu, VM_VENDOR=Ubuntu, OS_ARCH=aarch64}
[+1798 ms] Watching the file system is configured to be enabled if available
[  +99 ms] Not watching /data/data/com.termux/files/home/llano_music_app/android since the file system is not supported
[   +3 ms] File system watching is active
[+3795 ms] Starting Build
[+2710 ms] Not watching /root/flutter/packages/flutter_tools/gradle since the file system is not supported
[+3000 ms] > Configure project :gradle
[   +6 ms] Evaluating project ':gradle' using build file '/root/flutter/packages/flutter_tools/gradle/build.gradle.kts'.
[   +3 ms] Resolved plugin [id: 'org.gradle.java-gradle-plugin']
[   +3 ms] Resolved plugin [id: 'org.gradle.groovy']
[ +378 ms] Resolved plugin [id: 'org.gradle.kotlin.kotlin-dsl', version: '6.2.0']
[  +99 ms] Resolved plugin [id: 'org.jetbrains.kotlin.jvm', version: '2.2.20']
[+9001 ms] Build 3c920138-44e6-4a0f-bf3d-bb43497a63e0 is started
[ +599 ms] Using Kotlin Gradle Plugin gradle813 variant
[+1897 ms] kotlin scripting plugin: created the scripting discovery configuration: kotlinScriptDef
[   +2 ms] kotlin scripting plugin: created the scripting discovery configuration: testKotlinScriptDef
[ +796 ms] WARNING: Unsupported Kotlin plugin version.
[   +3 ms] The `embedded-kotlin` and `kotlin-dsl` plugins rely on features of Kotlin `2.2.0` that might work differently than in the requested version `2.2.20`.
[ +401 ms] file or directory '/root/flutter/packages/flutter_tools/gradle/src/main/java', not found
[+4999 ms] Resolved plugin [id: 'dev.flutter.flutter-plugin-loader', version: '1.0.0']
[ +212 ms] Resolved plugin [id: 'com.android.application', version: '9.0.1', apply: false]
[   +7 ms] Resolved plugin [id: 'org.jetbrains.kotlin.android', version: '2.3.20', apply: false]
[+86678 ms] Resolve mutations for :gradle:checkKotlinGradlePluginConfigurationErrors (Thread[#77,Execution worker,5,main]) started.
[ +299 ms] :gradle:checkKotlinGradlePluginConfigurationErrors (Thread[#78,Execution worker Thread 2,5,main]) started.
[ +302 ms] > Task :gradle:checkKotlinGradlePluginConfigurationErrors SKIPPED
[  +10 ms] Skipping task ':gradle:checkKotlinGradlePluginConfigurationErrors' as task onlyIf 'errorDiagnostics are present' is false.
[  +10 ms] Resolve mutations for :gradle:compileKotlin (Thread[#78,Execution worker Thread 2,5,main]) started.
[   +4 ms] :gradle:compileKotlin (Thread[#78,Execution worker Thread 2,5,main]) started.
[+2873 ms] > Task :gradle:compileKotlin UP-TO-DATE
[   +3 ms] Caching disabled for task ':gradle:compileKotlin' because:
[   +3 ms]   Build cache is disabled
[   +2 ms] Skipping task ':gradle:compileKotlin' as it is up-to-date.
[   +2 ms] Resolve mutations for :gradle:compileJava (Thread[#78,Execution worker Thread 2,5,main]) started.
[   +2 ms] :gradle:compileJava (Thread[#78,Execution worker Thread 2,5,main]) started.
[   +4 ms] > Task :gradle:compileJava NO-SOURCE
[   +3 ms] Skipping task ':gradle:compileJava' as it has no source files and no previous output files.
[  +77 ms] Resolve mutations for :gradle:compileGroovy (Thread[#78,Execution worker Thread 2,5,main]) started.
[   +4 ms] :gradle:compileGroovy (Thread[#78,Execution worker Thread 2,5,main]) started.
[   +3 ms] > Task :gradle:compileGroovy NO-SOURCE
[   +3 ms] Skipping task ':gradle:compileGroovy' as it has no source files and no previous output files.
[   +2 ms] Resolve mutations for :gradle:pluginDescriptors (Thread[#78,Execution worker Thread 2,5,main]) started.
[   +1 ms] :gradle:pluginDescriptors (Thread[#78,Execution worker Thread 2,5,main]) started.
[   +2 ms] > Task :gradle:pluginDescriptors UP-TO-DATE
[   +3 ms] Caching disabled for task ':gradle:pluginDescriptors' because:
[   +2 ms]   Build cache is disabled
[   +8 ms]   Not worth caching
[   +2 ms] Skipping task ':gradle:pluginDescriptors' as it is up-to-date.
[   +2 ms] Resolve mutations for :gradle:processResources (Thread[#78,Execution worker Thread 2,5,main]) started.
[   +2 ms] :gradle:processResources (Thread[#78,Execution worker Thread 2,5,main]) started.
[  +57 ms] > Task :gradle:processResources UP-TO-DATE
[   +3 ms] Caching disabled for task ':gradle:processResources' because:
[   +2 ms]   Build cache is disabled
[   +3 ms]   Not worth caching
[   +2 ms] Skipping task ':gradle:processResources' as it is up-to-date.
[   +3 ms] Resolve mutations for :gradle:classes (Thread[#78,Execution worker Thread 2,5,main]) started.
[   +3 ms] :gradle:classes (Thread[#78,Execution worker Thread 2,5,main]) started.
[   +3 ms] > Task :gradle:classes UP-TO-DATE
[   +3 ms] Skipping task ':gradle:classes' as it has no actions.
[   +3 ms] Resolve mutations for :gradle:jar (Thread[#78,Execution worker Thread 2,5,main]) started.
[   +2 ms] :gradle:jar (Thread[#78,Execution worker Thread 2,5,main]) started.
[  +79 ms] > Task :gradle:jar UP-TO-DATE
[   +6 ms] Caching disabled for task ':gradle:jar' because:
[   +3 ms]   Build cache is disabled
[   +9 ms]   Not worth caching
[   +6 ms] Skipping task ':gradle:jar' as it is up-to-date.
[+8760 ms] Settings evaluated using settings file '/data/data/com.termux/files/home/llano_music_app/android/settings.gradle.kts'.
[  +98 ms] Projects loaded. Root project using build file '/data/data/com.termux/files/home/llano_music_app/android/build.gradle.kts'.
[   +4 ms] Included projects: [root project 'android', project ':app', project ':audioplayers_android', project ':jni', project ':jni_flutter']
[+1905 ms] > Configure project :
[   +5 ms] Evaluating root project 'android' using build file '/data/data/com.termux/files/home/llano_music_app/android/build.gradle.kts'.
[+19717 ms] > Configure project :app
[   +2 ms] Evaluating project ':app' using build file '/data/data/com.termux/files/home/llano_music_app/android/app/build.gradle.kts'.
[   +4 ms] Resolved plugin [id: 'com.android.application']
[   +4 ms] Resolved plugin [id: 'dev.flutter.flutter-gradle-plugin']
[   +2 ms] WARNING: The option setting 'android.builtInKotlin=false' is deprecated.
[   +3 ms] The current default is 'true'.
[   +2 ms] It will be removed in version 10.0 of the Android Gradle plugin.
[   +3 ms] WARNING: The option setting 'android.newDsl=false' is deprecated.
[   +2 ms] The current default is 'true'.
[   +3 ms] It will be removed in version 10.0 of the Android Gradle plugin.
[   +3 ms] Using default execution profile
[   +3 ms] Build d26efba0-65d5-41c7-a4d7-a4e687b6d2ae is started
[   +4 ms] Using Kotlin Gradle Plugin gradle813 variant
[   +3 ms] Using Kotlin Gradle Plugin gradle813 variant
[   +2 ms] Using Kotlin Gradle Plugin gradle813 variant
[   +1 ms] Using Kotlin Gradle Plugin gradle813 variant
[   +2 ms] C/C++: android.ndkVersion from module build.gradle is [28.2.13676358]
[   +1 ms] C/C++: android.ndkPath from module build.gradle is not set
[   +1 ms] C/C++: ndk.dir in local.properties is not set
[   +1 ms] C/C++: Not considering ANDROID_NDK_HOME because support was removed after deprecation period.
[   +1 ms] C/C++: sdkFolder is /root/Android
[   +2 ms] C/C++: android.ndkVersion from module build.gradle is [28.2.13676358]
[   +4 ms] C/C++: android.ndkPath from module build.gradle is not set
[   +2 ms] C/C++: ndk.dir in local.properties is not set
[   +3 ms] C/C++: Not considering ANDROID_NDK_HOME because support was removed after deprecation period.
[   +2 ms] C/C++: sdkFolder is /root/Android
[   +3 ms] C/C++: android.ndkVersion from module build.gradle is [28.2.13676358]
[   +2 ms] C/C++: android.ndkPath from module build.gradle is not set
[   +2 ms] C/C++: ndk.dir in local.properties is not set
[   +1 ms] C/C++: Not considering ANDROID_NDK_HOME because support was removed after deprecation period.
[   +2 ms] C/C++: sdkFolder is /root/Android
[   +1 ms] C/C++: android.ndkVersion from module build.gradle is [28.2.13676358]
[   +1 ms] C/C++: android.ndkPath from module build.gradle is not set
[   +1 ms] C/C++: ndk.dir in local.properties is not set
[   +1 ms] C/C++: Not considering ANDROID_NDK_HOME because support was removed after deprecation period.
[   +1 ms] C/C++: sdkFolder is /root/Android
[   +1 ms] C/C++: android.ndkVersion from module build.gradle is [28.2.13676358]
[   +3 ms] C/C++: android.ndkPath from module build.gradle is not set
[   +5 ms] C/C++: ndk.dir in local.properties is not set
[   +2 ms] C/C++: Not considering ANDROID_NDK_HOME because support was removed after deprecation period.
[   +2 ms] C/C++: sdkFolder is /root/Android
[   +2 ms] C/C++: android.ndkVersion from module build.gradle is [28.2.13676358]
[   +3 ms] C/C++: android.ndkPath from module build.gradle is not set
[   +3 ms] C/C++: ndk.dir in local.properties is not set
[   +2 ms] C/C++: Not considering ANDROID_NDK_HOME because support was removed after deprecation period.
[   +1 ms] C/C++: sdkFolder is /root/Android
[   +1 ms] C/C++: android.ndkVersion from module build.gradle is [28.2.13676358]
[   +3 ms] C/C++: android.ndkPath from module build.gradle is not set
[   +4 ms] C/C++: ndk.dir in local.properties is not set
[   +3 ms] C/C++: Not considering ANDROID_NDK_HOME because support was removed after deprecation period.
[   +4 ms] C/C++: sdkFolder is /root/Android
[   +3 ms] C/C++: android.ndkVersion from module build.gradle is [28.2.13676358]
[   +8 ms] C/C++: android.ndkPath from module build.gradle is not set
[  +11 ms] C/C++: ndk.dir in local.properties is not set
[   +3 ms] C/C++: Not considering ANDROID_NDK_HOME because support was removed after deprecation period.
[   +3 ms] C/C++: sdkFolder is /root/Android
[   +3 ms] C/C++: android.ndkVersion from module build.gradle is [28.2.13676358]
[   +3 ms] C/C++: android.ndkPath from module build.gradle is not set
[   +2 ms] C/C++: ndk.dir in local.properties is not set
[   +3 ms] C/C++: Not considering ANDROID_NDK_HOME because support was removed after deprecation period.
[   +6 ms] C/C++: sdkFolder is /root/Android
[   +4 ms] C/C++: android.ndkVersion from module build.gradle is [28.2.13676358]
[   +3 ms] C/C++: android.ndkPath from module build.gradle is not set
[   +5 ms] C/C++: ndk.dir in local.properties is not set
[   +3 ms] C/C++: Not considering ANDROID_NDK_HOME because support was removed after deprecation period.
[   +3 ms] C/C++: sdkFolder is /root/Android
[   +5 ms] C/C++: android.ndkVersion from module build.gradle is [28.2.13676358]
[   +4 ms] C/C++: android.ndkPath from module build.gradle is not set
[   +6 ms] C/C++: ndk.dir in local.properties is not set
[   +9 ms] C/C++: Not considering ANDROID_NDK_HOME because support was removed after deprecation period.
[   +9 ms] C/C++: sdkFolder is /root/Android
[   +5 ms] C/C++: android.ndkVersion from module build.gradle is [28.2.13676358]
[   +9 ms] C/C++: android.ndkPath from module build.gradle is not set
[  +11 ms] C/C++: ndk.dir in local.properties is not set
[   +6 ms] C/C++: Not considering ANDROID_NDK_HOME because support was removed after deprecation period.
[   +6 ms] C/C++: sdkFolder is /root/Android
[   +2 ms] C/C++: android.ndkVersion from module build.gradle is [28.2.13676358]
[   +8 ms] C/C++: android.ndkPath from module build.gradle is not set
[   +3 ms] C/C++: ndk.dir in local.properties is not set
[   +3 ms] C/C++: Not considering ANDROID_NDK_HOME because support was removed after deprecation period.
[   +2 ms] C/C++: sdkFolder is /root/Android
[   +4 ms] C/C++: android.ndkVersion from module build.gradle is [28.2.13676358]
[   +9 ms] C/C++: android.ndkPath from module build.gradle is not set
[   +4 ms] C/C++: ndk.dir in local.properties is not set
[   +3 ms] C/C++: Not considering ANDROID_NDK_HOME because support was removed after deprecation period.
[   +2 ms] C/C++: sdkFolder is /root/Android
[   +1 ms] C/C++: android.ndkVersion from module build.gradle is [28.2.13676358]
[   +2 ms] C/C++: android.ndkPath from module build.gradle is not set
[   +2 ms] C/C++: ndk.dir in local.properties is not set
[   +3 ms] C/C++: Not considering ANDROID_NDK_HOME because support was removed after deprecation period.
[   +3 ms] C/C++: sdkFolder is /root/Android
[   +2 ms] C/C++: android.ndkVersion from module build.gradle is [28.2.13676358]
[   +5 ms] C/C++: android.ndkPath from module build.gradle is not set
[   +2 ms] C/C++: ndk.dir in local.properties is not set
[   +3 ms] C/C++: Not considering ANDROID_NDK_HOME because support was removed after deprecation period.
[   +4 ms] C/C++: sdkFolder is /root/Android
[   +4 ms] C/C++: android.ndkVersion from module build.gradle is [28.2.13676358]
[   +3 ms] C/C++: android.ndkPath from module build.gradle is not set
[   +4 ms] C/C++: ndk.dir in local.properties is not set
[   +4 ms] C/C++: Not considering ANDROID_NDK_HOME because support was removed after deprecation period.
[  +13 ms] C/C++: sdkFolder is /root/Android
[   +4 ms] C/C++: android.ndkVersion from module build.gradle is [28.2.13676358]
[   +4 ms] C/C++: android.ndkPath from module build.gradle is not set
[   +3 ms] C/C++: ndk.dir in local.properties is not set
[   +3 ms] C/C++: Not considering ANDROID_NDK_HOME because support was removed after deprecation period.
[   +5 ms] C/C++: sdkFolder is /root/Android
[   +3 ms] C/C++: android.ndkVersion from module build.gradle is [28.2.13676358]
[   +4 ms] C/C++: android.ndkPath from module build.gradle is not set
[   +3 ms] C/C++: ndk.dir in local.properties is not set
[   +4 ms] C/C++: Not considering ANDROID_NDK_HOME because support was removed after deprecation period.
[   +4 ms] C/C++: sdkFolder is /root/Android
[  +11 ms] w: [33m[1m⚠️ Deprecated 'org.jetbrains.kotlin.android' plugin usage[0m[0m
[   +7 ms] The 'org.jetbrains.kotlin.android' plugin in project ':app' is no longer required for Kotlin support since AGP 9.0.
[   +4 ms] [32m[1mSolution:[0m[0m
[   +3 ms] [32m[3mRemove both `android.builtInKotlin=true` and `android.newDsl=false` from `gradle.properties`, then migrate to built-in Kotlin.[0m[0m
[   +3 ms] [36mSee [0m[34mhttps://kotl.in/gradle/agp-built-in-kotlin[0m[36m for more details.[0m
[+1472 ms] > Configure project :audioplayers_android
[   +2 ms] Evaluating project ':audioplayers_android' using build file '/root/.pub-cache/hosted/pub.dev/audioplayers_android-5.3.0/android/build.gradle'.
[+10024 ms] Using default execution profile
[+5103 ms] w: [33m[1m⚠️ Deprecated 'org.jetbrains.kotlin.android' plugin usage[0m[0m
[   +4 ms] The 'org.jetbrains.kotlin.android' plugin in project ':audioplayers_android' is no longer required for Kotlin support since AGP 9.0.
[   +7 ms] [32m[1mSolution:[0m[0m
[   +8 ms] [32m[3mRemove both `android.builtInKotlin=true` and `android.newDsl=false` from `gradle.properties`, then migrate to built-in Kotlin.[0m[0m
[   +4 ms] [36mSee [0m[34mhttps://kotl.in/gradle/agp-built-in-kotlin[0m[36m for more details.[0m
[+1991 ms] > Configure project :jni
[  +16 ms] Evaluating project ':jni' using build file '/root/.pub-cache/hosted/pub.dev/jni-1.0.0/android/build.gradle'.
[  +22 ms] Using default execution profile
[   +6 ms] C/C++: android.ndkVersion from module build.gradle is [28.2.13676358]
[   +4 ms] C/C++: android.ndkPath from module build.gradle is not set
[   +6 ms] C/C++: ndk.dir in local.properties is not set
[   +5 ms] C/C++: Not considering ANDROID_NDK_HOME because support was removed after deprecation period.
[  +14 ms] C/C++: sdkFolder is /root/Android
[  +11 ms] C/C++: android.ndkVersion from module build.gradle is [28.2.13676358]
[   +7 ms] C/C++: android.ndkPath from module build.gradle is not set
[   +5 ms] C/C++: ndk.dir in local.properties is not set
[   +9 ms] C/C++: Not considering ANDROID_NDK_HOME because support was removed after deprecation period.
[   +5 ms] C/C++: sdkFolder is /root/Android
[   +9 ms] C/C++: android.ndkVersion from module build.gradle is [28.2.13676358]
[   +5 ms] C/C++: android.ndkPath from module build.gradle is not set
[  +22 ms] C/C++: ndk.dir in local.properties is not set
[  +10 ms] C/C++: Not considering ANDROID_NDK_HOME because support was removed after deprecation period.
[   +5 ms] C/C++: sdkFolder is /root/Android
[   +8 ms] C/C++: android.ndkVersion from module build.gradle is [28.2.13676358]
[   +5 ms] C/C++: android.ndkPath from module build.gradle is not set
[+15983 ms] C/C++: ndk.dir in local.properties is not set
[  +16 ms] C/C++: Not considering ANDROID_NDK_HOME because support was removed after deprecation period.
[   +9 ms] C/C++: sdkFolder is /root/Android
[  +66 ms] C/C++: android.ndkVersion from module build.gradle is [28.2.13676358]
[  +34 ms] C/C++: android.ndkPath from module build.gradle is not set
[   +9 ms] C/C++: ndk.dir in local.properties is not set
[  +66 ms] C/C++: Not considering ANDROID_NDK_HOME because support was removed after deprecation period.
[  +74 ms] C/C++: sdkFolder is /root/Android
[  +38 ms] C/C++: android.ndkVersion from module build.gradle is [28.2.13676358]
[  +19 ms] C/C++: android.ndkPath from module build.gradle is not set
[  +45 ms] C/C++: ndk.dir in local.properties is not set
[   +6 ms] C/C++: Not considering ANDROID_NDK_HOME because support was removed after deprecation period.
[   +9 ms] C/C++: sdkFolder is /root/Android
[  +13 ms] C/C++: android.ndkVersion from module build.gradle is [28.2.13676358]
[  +20 ms] C/C++: android.ndkPath from module build.gradle is not set
[  +66 ms] C/C++: ndk.dir in local.properties is not set
[   +4 ms] C/C++: Not considering ANDROID_NDK_HOME because support was removed after deprecation period.
[   +4 ms] C/C++: sdkFolder is /root/Android
[   +3 ms] C/C++: android.ndkVersion from module build.gradle is [28.2.13676358]
[   +4 ms] C/C++: android.ndkPath from module build.gradle is not set
[  +11 ms] C/C++: ndk.dir in local.properties is not set
[   +9 ms] C/C++: Not considering ANDROID_NDK_HOME because support was removed after deprecation period.
[   +8 ms] C/C++: sdkFolder is /root/Android
[   +5 ms] C/C++: android.ndkVersion from module build.gradle is [28.2.13676358]
[   +4 ms] C/C++: android.ndkPath from module build.gradle is not set
[   +3 ms] C/C++: ndk.dir in local.properties is not set
[   +7 ms] C/C++: Not considering ANDROID_NDK_HOME because support was removed after deprecation period.
[   +3 ms] C/C++: sdkFolder is /root/Android
[   +2 ms] C/C++: android.ndkVersion from module build.gradle is [28.2.13676358]
[   +8 ms] C/C++: android.ndkPath from module build.gradle is not set
[  +21 ms] C/C++: ndk.dir in local.properties is not set
[  +14 ms] C/C++: Not considering ANDROID_NDK_HOME because support was removed after deprecation period.
[  +20 ms] C/C++: sdkFolder is /root/Android
[  +13 ms] C/C++: android.ndkVersion from module build.gradle is [28.2.13676358]
[   +5 ms] C/C++: android.ndkPath from module build.gradle is not set
[   +8 ms] C/C++: ndk.dir in local.properties is not set
[   +3 ms] C/C++: Not considering ANDROID_NDK_HOME because support was removed after deprecation period.
[   +7 ms] C/C++: sdkFolder is /root/Android
[   +2 ms] C/C++: android.ndkVersion from module build.gradle is [28.2.13676358]
[   +2 ms] C/C++: android.ndkPath from module build.gradle is not set
[  +49 ms] C/C++: ndk.dir in local.properties is not set
[  +17 ms] C/C++: Not considering ANDROID_NDK_HOME because support was removed after deprecation period.
[   +6 ms] C/C++: sdkFolder is /root/Android
[   +4 ms] C/C++: android.ndkVersion from module build.gradle is [28.2.13676358]
[   +8 ms] C/C++: android.ndkPath from module build.gradle is not set
[  +15 ms] C/C++: ndk.dir in local.properties is not set
[  +11 ms] C/C++: Not considering ANDROID_NDK_HOME because support was removed after deprecation period.
[  +45 ms] C/C++: sdkFolder is /root/Android
[  +10 ms] C/C++: android.ndkVersion from module build.gradle is [28.2.13676358]
[   +5 ms] C/C++: android.ndkPath from module build.gradle is not set
[   +6 ms] C/C++: ndk.dir in local.properties is not set
[  +18 ms] C/C++: Not considering ANDROID_NDK_HOME because support was removed after deprecation period.
[   +4 ms] C/C++: sdkFolder is /root/Android
[   +5 ms] C/C++: android.ndkVersion from module build.gradle is [28.2.13676358]
[  +10 ms] C/C++: android.ndkPath from module build.gradle is not set
[  +17 ms] C/C++: ndk.dir in local.properties is not set
[   +3 ms] C/C++: Not considering ANDROID_NDK_HOME because support was removed after deprecation period.
[  +42 ms] C/C++: sdkFolder is /root/Android
[   +3 ms] C/C++: android.ndkVersion from module build.gradle is [28.2.13676358]
[   +3 ms] C/C++: android.ndkPath from module build.gradle is not set
[   +3 ms] C/C++: ndk.dir in local.properties is not set
[   +8 ms] C/C++: Not considering ANDROID_NDK_HOME because support was removed after deprecation period.
[   +4 ms] C/C++: sdkFolder is /root/Android
[   +4 ms] C/C++: android.ndkVersion from module build.gradle is [28.2.13676358]
[  +30 ms] C/C++: android.ndkPath from module build.gradle is not set
[  +29 ms] C/C++: ndk.dir in local.properties is not set
[  +11 ms] C/C++: Not considering ANDROID_NDK_HOME because support was removed after deprecation period.
[  +17 ms] C/C++: sdkFolder is /root/Android
[   +8 ms] C/C++: android.ndkVersion from module build.gradle is [28.2.13676358]
[   +6 ms] C/C++: android.ndkPath from module build.gradle is not set
[  +14 ms] C/C++: ndk.dir in local.properties is not set
[  +14 ms] C/C++: Not considering ANDROID_NDK_HOME because support was removed after deprecation period.
[   +7 ms] C/C++: sdkFolder is /root/Android
[   +5 ms] C/C++: android.ndkVersion from module build.gradle is [28.2.13676358]
[   +2 ms] C/C++: android.ndkPath from module build.gradle is not set
[  +10 ms] C/C++: ndk.dir in local.properties is not set
[   +9 ms] C/C++: Not considering ANDROID_NDK_HOME because support was removed after deprecation period.
[   +8 ms] C/C++: sdkFolder is /root/Android
[  +61 ms] w: [33m[1m⚠️ Deprecated 'org.jetbrains.kotlin.android' plugin usage[0m[0m
[  +16 ms] The 'org.jetbrains.kotlin.android' plugin in project ':jni' is no longer required for Kotlin support since AGP 9.0.
[  +27 ms] [32m[1mSolution:[0m[0m
[  +10 ms] [32m[3mRemove both `android.builtInKotlin=true` and `android.newDsl=false` from `gradle.properties`, then migrate to built-in Kotlin.[0m[0m
[   +4 ms] [36mSee [0m[34mhttps://kotl.in/gradle/agp-built-in-kotlin[0m[36m for more details.[0m
[+1531 ms] > Configure project :jni_flutter
[   +7 ms] Evaluating project ':jni_flutter' using build file '/root/.pub-cache/hosted/pub.dev/jni_flutter-1.0.1/android/build.gradle'.
[   +3 ms] Using default execution profile
[   +4 ms] w: [33m[1m⚠️ Deprecated 'org.jetbrains.kotlin.android' plugin usage[0m[0m
[   +3 ms] The 'org.jetbrains.kotlin.android' plugin in project ':jni_flutter' is no longer required for Kotlin support since AGP 9.0.
[   +3 ms] [32m[1mSolution:[0m[0m
[   +4 ms] [32m[3mRemove both `android.builtInKotlin=true` and `android.newDsl=false` from `gradle.properties`, then migrate to built-in Kotlin.[0m[0m
[   +2 ms] [36mSee [0m[34mhttps://kotl.in/gradle/agp-built-in-kotlin[0m[36m for more details.[0m
[   +3 ms] All projects evaluated.
[ +465 ms] Task name matched 'assembleDebug'
[  +12 ms] Selected primary task 'assembleDebug' from project :
[+3191 ms] Adding -Xuse-inline-scopes-numbers Kotlin compiler flag for task :app:compileDebugKotlin
[+18315 ms] Tasks to be executed: [task ':app:DebugMinSdkCheck', task ':app:preBuild', task ':app:preDebugBuild', task ':app:mergeDebugNativeDebugMetadata', task ':app:checkKotlinGradlePluginConfigurationErrors', task ':app:cleanMergeDebugAssets', task ':app:compileFlutterBuildDebug', task ':app:generateDebugAssets', task ':audioplayers_android:generateDebugAssets', task ':audioplayers_android:preBuild', task ':audioplayers_android:preDebugBuild', task ':audioplayers_android:mergeDebugAssets', task ':jni:generateDebugAssets', task ':jni:preBuild', task ':jni:preDebugBuild', task ':jni:mergeDebugAssets', task ':jni_flutter:generateDebugAssets', task ':jni_flutter:preBuild', task ':jni_flutter:preDebugBuild', task ':jni_flutter:mergeDebugAssets', task ':app:mergeDebugAssets', task ':app:copyFlutterAssetsDebug', task ':app:generateDebugResources', task ':app:packageDebugResources', task ':audioplayers_android:processDebugNavigationResources', task ':jni:processDebugNavigationResources', task ':jni_flutter:processDebugNavigationResources', task ':app:processDebugNavigationResources', task ':app:parseDebugLocalResources', task ':app:generateDebugRFile', task ':audioplayers_android:checkKotlinGradlePluginConfigurationErrors', task ':audioplayers_android:generateDebugResources', task ':audioplayers_android:packageDebugResources', task ':audioplayers_android:parseDebugLocalResources', task ':audioplayers_android:generateDebugRFile', task ':audioplayers_android:compileDebugKotlin', task ':audioplayers_android:javaPreCompileDebug', task ':audioplayers_android:compileDebugJavaWithJavac', task ':audioplayers_android:bundleLibCompileToJarDebug', task ':jni:checkKotlinGradlePluginConfigurationErrors', task ':jni:generateDebugResources', task ':jni:packageDebugResources', task ':jni:parseDebugLocalResources', task ':jni:generateDebugRFile', task ':jni:compileDebugKotlin', task ':jni:javaPreCompileDebug', task ':jni:compileDebugJavaWithJavac', task ':jni:bundleLibCompileToJarDebug', task ':jni_flutter:checkKotlinGradlePluginConfigurationErrors', task ':jni_flutter:generateDebugResources', task ':jni_flutter:packageDebugResources', task ':jni_flutter:parseDebugLocalResources', task ':jni_flutter:generateDebugRFile', task ':jni_flutter:compileDebugKotlin', task ':jni_flutter:javaPreCompileDebug', task ':jni_flutter:compileDebugJavaWithJavac', task ':jni_flutter:bundleLibCompileToJarDebug', task ':app:compileDebugKotlin', task ':app:javaPreCompileDebug', task ':app:compileDebugJavaWithJavac', task ':app:compressDebugAssets', task ':audioplayers_android:bundleLibRuntimeToJarDebug', task ':jni_flutter:bundleLibRuntimeToJarDebug', task ':jni:bundleLibRuntimeToJarDebug', task ':app:desugarDebugFileDependencies', task ':audioplayers_android:writeDebugAarMetadata', task ':jni:writeDebugAarMetadata', task ':jni_flutter:writeDebugAarMetadata', task ':app:checkDebugAarMetadata', task ':app:compileDebugNavigationResources', task ':app:mapDebugSourceSetPaths', task ':app:mergeDebugResources', task ':app:createDebugCompatibleScreenManifests', task ':app:extractDeepLinksDebug', task ':audioplayers_android:extractDeepLinksDebug', task ':audioplayers_android:processDebugManifest', task ':jni:extractDeepLinksDebug', task ':jni:processDebugManifest', task ':jni_flutter:extractDeepLinksDebug', task ':jni_flutter:processDebugManifest', task ':app:processDebugMainManifest', task ':app:outputDebugAppLinkSettings', task ':app:processDebugManifest', task ':app:processDebugManifestForPackage', task ':audioplayers_android:compileDebugLibraryResources', task ':jni:compileDebugLibraryResources', task ':jni_flutter:compileDebugLibraryResources', task ':app:processDebugResources', task ':app:dexBuilderDebug', task ':app:mergeDebugGlobalSynthetics', task ':app:processDebugJavaRes', task ':audioplayers_android:processDebugJavaRes', task ':jni:processDebugJavaRes', task ':jni_flutter:processDebugJavaRes', task ':app:mergeDebugJavaResource', task ':app:checkDebugDuplicateClasses', task ':app:mergeExtDexDebug', task ':audioplayers_android:bundleLibRuntimeToDirDebug', task ':jni_flutter:bundleLibRuntimeToDirDebug', task ':jni:bundleLibRuntimeToDirDebug', task ':app:mergeLibDexDebug', task ':app:mergeProjectDexDebug', task ':app:configureCMakeDebug[arm64-v8a]', task ':app:buildCMakeDebug[arm64-v8a]', task ':app:configureCMakeDebug[armeabi-v7a]', task ':app:buildCMakeDebug[armeabi-v7a]', task ':app:configureCMakeDebug[x86_64]', task ':app:buildCMakeDebug[x86_64]', task ':app:copyJniLibsflutterBuildDebug', task ':app:mergeDebugJniLibFolders', task ':audioplayers_android:mergeDebugJniLibFolders', task ':audioplayers_android:mergeDebugNativeLibs', task ':audioplayers_android:copyDebugJniLibsProjectOnly', task ':jni:preProfileBuild', task ':jni:configureCMakeDebug[arm64-v8a]', task ':jni:buildCMakeDebug[arm64-v8a]', task ':jni:configureCMakeDebug[armeabi-v7a]', task ':jni:buildCMakeDebug[armeabi-v7a]', task ':jni:configureCMakeDebug[x86]', task ':jni:buildCMakeDebug[x86]', task ':jni:configureCMakeDebug[x86_64]', task ':jni:buildCMakeDebug[x86_64]', task ':jni:mergeDebugJniLibFolders', task ':jni:mergeDebugNativeLibs', task ':jni:copyDebugJniLibsProjectOnly', task ':jni_flutter:mergeDebugJniLibFolders', task ':jni_flutter:mergeDebugNativeLibs', task ':jni_flutter:copyDebugJniLibsProjectOnly', task ':app:mergeDebugNativeLibs', task ':app:stripDebugDebugSymbols', task ':app:validateSigningDebug', task ':app:writeDebugAppMetadata', task ':app:writeDebugSigningConfigVersions', task ':app:packageDebug', task ':app:createDebugApkListingFileRedirect', task ':app:assembleDebug', task ':audioplayers_android:checkDebugAarMetadata', task ':audioplayers_android:stripDebugDebugSymbols', task ':audioplayers_android:copyDebugJniLibsProjectAndLocalJars', task ':audioplayers_android:extractDebugAnnotations', task ':audioplayers_android:extractDeepLinksForAarDebug', task ':audioplayers_android:mergeDebugGeneratedProguardFiles', task ':audioplayers_android:mergeDebugConsumerProguardFiles', task ':audioplayers_android:prepareDebugArtProfile', task ':audioplayers_android:prepareLintJarForPublish', task ':audioplayers_android:mergeDebugJavaResource', task ':audioplayers_android:syncDebugLibJars', task ':audioplayers_android:bundleDebugAar', task ':audioplayers_android:assembleDebug', task ':jni:checkDebugAarMetadata', task ':jni:stripDebugDebugSymbols', task ':jni:copyDebugJniLibsProjectAndLocalJars', task ':jni:extractDebugAnnotations', task ':jni:extractDeepLinksForAarDebug', task ':jni:mergeDebugGeneratedProguardFiles', task ':jni:mergeDebugConsumerProguardFiles', task ':jni:prepareDebugArtProfile', task ':jni:prepareLintJarForPublish', task ':jni:mergeDebugJavaResource', task ':jni:syncDebugLibJars', task ':jni:bundleDebugAar', task ':jni:assembleDebug', task ':jni_flutter:checkDebugAarMetadata', task ':jni_flutter:stripDebugDebugSymbols', task ':jni_flutter:copyDebugJniLibsProjectAndLocalJars', task ':jni_flutter:extractDebugAnnotations', task ':jni_flutter:extractDeepLinksForAarDebug', task ':jni_flutter:mergeDebugGeneratedProguardFiles', task ':jni_flutter:mergeDebugConsumerProguardFiles', task ':jni_flutter:prepareDebugArtProfile', task ':jni_flutter:prepareLintJarForPublish', task ':jni_flutter:mergeDebugJavaResource', task ':jni_flutter:syncDebugLibJars', task ':jni_flutter:bundleDebugAar', task ':jni_flutter:assembleDebug']
[   +5 ms] Tasks that were excluded: []
[  +75 ms] work action Parameters of IdentityTransform (Thread[#153,included builds Thread 2,5,main]) started.
[  +97 ms] work action Parameters of DexingNoClasspathTransform (Thread[#153,included builds Thread 2,5,main]) started.
[   +3 ms] work action Parameters of DexingOutputSplitTransform (Thread[#153,included builds Thread 2,5,main]) started.
[  +93 ms] work action Parameters of ClassesDirToClassesTransform (Thread[#153,included builds Thread 2,5,main]) started.
[   +2 ms] work action Parameters of DexingOutputSplitTransform (Thread[#153,included builds Thread 2,5,main]) started.
[   +2 ms] Resolve mutations for :app:DebugMinSdkCheck (Thread[#153,included builds Thread 2,5,main]) started.
[   +4 ms] :app:DebugMinSdkCheck (Thread[#153,included builds Thread 2,5,main]) started.
[ +205 ms] > Task :app:DebugMinSdkCheck
[   +5 ms] Caching disabled for task ':app:DebugMinSdkCheck' because:
[   +3 ms]   Build cache is disabled
[   +4 ms] Task ':app:DebugMinSdkCheck' is not up-to-date because:
[   +9 ms]   Task has not declared any outputs despite executing actions.
[   +3 ms] Resolve mutations for :app:preBuild (Thread[#153,included builds Thread 2,5,main]) started.
[   +5 ms] :app:preBuild (Thread[#153,included builds Thread 2,5,main]) started.
[  +12 ms] > Task :app:preBuild UP-TO-DATE
[   +6 ms] Skipping task ':app:preBuild' as it has no actions.
[   +5 ms] Resolve mutations for :app:preDebugBuild (Thread[#153,included builds Thread 2,5,main]) started.
[   +3 ms] :app:preDebugBuild (Thread[#153,included builds Thread 2,5,main]) started.
[   +4 ms] > Task :app:preDebugBuild UP-TO-DATE
[   +2 ms] Skipping task ':app:preDebugBuild' as it has no actions.
[   +5 ms] Resolve mutations for :app:mergeDebugNativeDebugMetadata (Thread[#153,included builds Thread 2,5,main]) started.
[  +19 ms] :app:mergeDebugNativeDebugMetadata (Thread[#153,included builds Thread 2,5,main]) started.
[   +7 ms] > Task :app:mergeDebugNativeDebugMetadata NO-SOURCE
[   +5 ms] Skipping task ':app:mergeDebugNativeDebugMetadata' as it has no source files and no previous output files.
[   +2 ms] Resolve mutations for :app:checkKotlinGradlePluginConfigurationErrors (Thread[#153,included builds Thread 2,5,main]) started.
[   +5 ms] :app:checkKotlinGradlePluginConfigurationErrors (Thread[#153,included builds Thread 2,5,main]) started.
[  +80 ms] > Task :app:checkKotlinGradlePluginConfigurationErrors SKIPPED
[   +5 ms] Skipping task ':app:checkKotlinGradlePluginConfigurationErrors' as task onlyIf 'errorDiagnostics are present' is false.
[   +5 ms] Resolve mutations for :app:cleanMergeDebugAssets (Thread[#153,included builds Thread 2,5,main]) started.
[   +3 ms] :app:cleanMergeDebugAssets (Thread[#153,included builds Thread 2,5,main]) started.
[   +6 ms] > Task :app:cleanMergeDebugAssets UP-TO-DATE
[   +4 ms] Caching disabled for task ':app:cleanMergeDebugAssets' because:
[   +3 ms]   Build cache is disabled
[   +3 ms] Task ':app:cleanMergeDebugAssets' is not up-to-date because:
[   +4 ms]   Task has not declared any outputs despite executing actions.
[   +3 ms] Resolve mutations for :app:compileFlutterBuildDebug (Thread[#153,included builds Thread 2,5,main]) started.
[  +51 ms] :app:compileFlutterBuildDebug (Thread[#153,included builds Thread 2,5,main]) started.
[+2006 ms] > Task :app:compileFlutterBuildDebug
[   +9 ms] Caching disabled for task ':app:compileFlutterBuildDebug' because:
[   +5 ms]   Build cache is disabled
[   +3 ms]   Caching has not been enabled for the task
[   +4 ms] Task ':app:compileFlutterBuildDebug' is not up-to-date because:
[   +3 ms]   Value of input property 'verbose' has changed for task ':app:compileFlutterBuildDebug'
[   +5 ms] Starting process 'command '/root/flutter/bin/flutter''. Working directory: /data/data/com.termux/files/home/llano_music_app Command: /root/flutter/bin/flutter --verbose assemble --no-version-check --depfile /data/data/com.termux/files/home/llano_music_app/build/app/intermediates/flutter/debug/flutter_build.d --output /data/data/com.termux/files/home/llano_music_app/build/app/intermediates/flutter/debug -dTargetFile=lib/main.dart -dTargetPlatform=android -dBuildMode=debug -dTrackWidgetCreation=true --DartDefines=RkxVVFRFUl9WRVJTSU9OPTMuNDQuNA==,RkxVVFRFUl9DSEFOTkVMPXN0YWJsZQ==,RkxVVFRFUl9HSVRfVVJMPWh0dHBzOi8vZ2l0aHViLmNvbS9mbHV0dGVyL2ZsdXR0ZXIuZ2l0,RkxVVFRFUl9GUkFNRVdPUktfUkVWSVNJT049YWQ3MGVjNDYxNw==,RkxVVFRFUl9FTkdJTkVfUkVWSVNJT049YTEwZDhhYzM4ZA==,RkxVVFRFUl9EQVJUX1ZFUlNJT049My4xMi4y -dFlavor= -dAndroidArchs=android-arm android-arm64 android-x64 -dMinSdkVersion=24 debug_android_application
[   +2 ms] Successfully started process 'command '/root/flutter/bin/flutter''
[   +7 ms]    Woah! You appear to be trying to run flutter as root.
[   +5 ms]    We strongly recommend running the flutter tool without superuser privileges.
[   +2 ms]   /
[   +2 ms] 📎
[ +143 ms] [ +224 ms] executing: uname -m
[   +6 ms] [  +55 ms] Exit code 0 from: uname -m
[   +6 ms] [   +1 ms] aarch64
[   +3 ms] [  +38 ms] Artifact Instance of 'MaterialFonts' is not required, skipping update.
[  +89 ms] [   +2 ms] Artifact Instance of 'GradleWrapper' is not required, skipping update.
[   +3 ms] [   +1 ms] Artifact Instance of 'AndroidGenSnapshotArtifacts' is not required, skipping update.
[   +1 ms] [   +6 ms] Artifact Instance of 'AndroidInternalBuildArtifacts' is not required, skipping update.
[   +1 ms] [   +2 ms] Artifact Instance of 'IOSEngineArtifacts' is not required, skipping update.
[   +2 ms] [   +2 ms] Artifact Instance of 'FlutterWebSdk' is not required, skipping update.
[   +2 ms] [  +21 ms] Artifact Instance of 'LegacyCanvasKitRemover' is not required, skipping update.
[   +2 ms] [   +1 ms] Artifact Instance of 'FlutterSdk' is not required, skipping update.
[   +1 ms] [   +1 ms] Artifact Instance of 'WindowsEngineArtifacts' is not required, skipping update.
[   +2 ms] [   +1 ms] Artifact Instance of 'MacOSEngineArtifacts' is not required, skipping update.
[   +1 ms] [   +1 ms] Artifact Instance of 'LinuxEngineArtifacts' is not required, skipping update.
[   +2 ms] [        ] Artifact Instance of 'LinuxFuchsiaSDKArtifacts' is not required, skipping update.
[   +1 ms] [        ] Artifact Instance of 'MacOSFuchsiaSDKArtifacts' is not required, skipping update.
[   +1 ms] [   +1 ms] Artifact Instance of 'FlutterRunnerSDKArtifacts' is not required, skipping update.
[   +1 ms] [   +1 ms] Artifact Instance of 'FlutterRunnerDebugSymbols' is not required, skipping update.
[   +2 ms] [   +1 ms] Artifact Instance of 'IosUsbArtifacts' is not required, skipping update.
[   +1 ms] [   +1 ms] Artifact Instance of 'IosUsbArtifacts' is not required, skipping update.
[   +1 ms] [   +1 ms] Artifact Instance of 'IosUsbArtifacts' is not required, skipping update.
[   +1 ms] [        ] Artifact Instance of 'IosUsbArtifacts' is not required, skipping update.
[   +3 ms] [        ] Artifact Instance of 'IosUsbArtifacts' is not required, skipping update.
[   +3 ms] [   +1 ms] Artifact Instance of 'IosUsbArtifacts' is not required, skipping update.
[   +2 ms] [   +1 ms] Artifact Instance of 'FontSubsetArtifacts' is not required, skipping update.
[   +4 ms] [   +1 ms] Artifact Instance of 'PubDependencies' is not required, skipping update.
[  +44 ms] [  +54 ms] Artifact Instance of 'AndroidGenSnapshotArtifacts' is not required, skipping update.
[   +2 ms] [   +1 ms] Artifact Instance of 'AndroidInternalBuildArtifacts' is not required, skipping update.
[   +3 ms] [   +1 ms] Artifact Instance of 'IOSEngineArtifacts' is not required, skipping update.
[   +2 ms] [   +1 ms] Artifact Instance of 'FlutterWebSdk' is not required, skipping update.
[   +1 ms] [        ] Artifact Instance of 'FlutterEngineStamp' is not required, skipping update.
[   +2 ms] [   +1 ms] Artifact Instance of 'LegacyCanvasKitRemover' is not required, skipping update.
[   +1 ms] [  +44 ms] Artifact Instance of 'WindowsEngineArtifacts' is not required, skipping update.
[   +1 ms] [   +1 ms] Artifact Instance of 'MacOSEngineArtifacts' is not required, skipping update.
[   +1 ms] [   +1 ms] Artifact Instance of 'LinuxEngineArtifacts' is not required, skipping update.
[   +1 ms] [   +2 ms] Artifact Instance of 'LinuxFuchsiaSDKArtifacts' is not required, skipping update.
[   +1 ms] [   +2 ms] Artifact Instance of 'MacOSFuchsiaSDKArtifacts' is not required, skipping update.
[   +1 ms] [   +1 ms] Artifact Instance of 'FlutterRunnerSDKArtifacts' is not required, skipping update.
[   +1 ms] [   +1 ms] Artifact Instance of 'FlutterRunnerDebugSymbols' is not required, skipping update.
[ +580 ms] [ +563 ms] Artifact Instance of 'MaterialFonts' is not required, skipping update.
[   +4 ms] [   +1 ms] Artifact Instance of 'GradleWrapper' is not required, skipping update.
[   +6 ms] [  +41 ms] Artifact Instance of 'AndroidInternalBuildArtifacts' is not required, skipping update.
[   +6 ms] [   +1 ms] Artifact Instance of 'IOSEngineArtifacts' is not required, skipping update.
[   +6 ms] [   +2 ms] Artifact Instance of 'FlutterWebSdk' is not required, skipping update.
[   +4 ms] [   +1 ms] Artifact Instance of 'FlutterEngineStamp' is not required, skipping update.
[   +3 ms] [   +2 ms] Artifact Instance of 'LegacyCanvasKitRemover' is not required, skipping update.
[   +4 ms] [   +1 ms] Artifact Instance of 'FlutterSdk' is not required, skipping update.
[   +4 ms] [   +2 ms] Artifact Instance of 'WindowsEngineArtifacts' is not required, skipping update.
[   +4 ms] [   +1 ms] Artifact Instance of 'MacOSEngineArtifacts' is not required, skipping update.
[   +3 ms] [   +1 ms] Artifact Instance of 'LinuxEngineArtifacts' is not required, skipping update.
[   +3 ms] [   +2 ms] Artifact Instance of 'LinuxFuchsiaSDKArtifacts' is not required, skipping update.
[   +3 ms] [   +1 ms] Artifact Instance of 'MacOSFuchsiaSDKArtifacts' is not required, skipping update.
[   +2 ms] [   +1 ms] Artifact Instance of 'FlutterRunnerSDKArtifacts' is not required, skipping update.
[   +3 ms] [   +1 ms] Artifact Instance of 'FlutterRunnerDebugSymbols' is not required, skipping update.
[   +3 ms] [   +2 ms] Artifact Instance of 'IosUsbArtifacts' is not required, skipping update.
[  +35 ms] [   +1 ms] Artifact Instance of 'IosUsbArtifacts' is not required, skipping update.
[   +2 ms] [   +1 ms] Artifact Instance of 'IosUsbArtifacts' is not required, skipping update.
[   +1 ms] [   +2 ms] Artifact Instance of 'IosUsbArtifacts' is not required, skipping update.
[   +1 ms] [   +2 ms] Artifact Instance of 'IosUsbArtifacts' is not required, skipping update.
[   +1 ms] [   +2 ms] Artifact Instance of 'IosUsbArtifacts' is not required, skipping update.
[   +1 ms] [   +2 ms] Artifact Instance of 'FontSubsetArtifacts' is not required, skipping update.
[   +1 ms] [   +4 ms] Artifact Instance of 'PubDependencies' is not required, skipping update.
[  +86 ms] [ +180 ms] Initializing file store
[ +199 ms] [ +192 ms] dart_build: Starting due to {}
[   +3 ms] [  +17 ms] Skipping target: gen_localizations
[  +98 ms] [  +11 ms] gen_dart_plugin_registrant: Starting due to {InvalidatedReasonKind.outputSetAddition: The following outputs were added to the output set: /data/data/com.termux/files/home/llano_music_app/.dart_tool/flutter_build/dart_plugin_registrant.dart, InvalidatedReasonKind.inputChanged: The following inputs have updated contents: /data/data/com.termux/files/home/llano_music_app/.dart_tool/package_config.json}
[ +796 ms] [ +808 ms] Building native assets for android_arm, android_arm64, android_x64.
[ +403 ms] [ +389 ms] input.json contents:
[   +3 ms]            {
[   +2 ms]              "assets": {},
[   +2 ms]              "config": {
[   +2 ms]                "build_asset_types": [
[   +2 ms]                  "code_assets/code"
[   +2 ms]                ],
[   +2 ms]                "extensions": {
[   +2 ms]                  "code_assets": {
[   +2 ms]                    "android": {
[   +2 ms]                      "target_ndk_api": 24
[   +3 ms]                    },
[   +2 ms]                    "c_compiler": {
[   +2 ms]                      "ar": "/root/Android/ndk/28.2.13676358/toolchains/llvm/prebuilt/linux-x86_64/bin/llvm-ar",
[   +3 ms]                      "cc": "/root/Android/ndk/28.2.13676358/toolchains/llvm/prebuilt/linux-x86_64/bin/clang",
[   +5 ms]                      "ld": "/root/Android/ndk/28.2.13676358/toolchains/llvm/prebuilt/linux-x86_64/bin/ld.lld"
[   +3 ms]                    },
[   +2 ms]                    "link_mode_preference": "dynamic",
[   +5 ms]                    "target_architecture": "arm",
[   +5 ms]                    "target_os": "android"
[   +2 ms]                  }
[   +3 ms]                },
[   +2 ms]                "linking_enabled": false
[   +2 ms]              },
[   +3 ms]              "out_dir_shared": "/data/data/com.termux/files/home/llano_music_app/.dart_tool/hooks_runner/shared/objective_c/build/",
[   +2 ms]              "out_file": "/data/data/com.termux/files/home/llano_music_app/.dart_tool/hooks_runner/objective_c/fd5453cced/output.json",
[   +2 ms]              "package_name": "objective_c",
[   +3 ms]              "package_root": "/root/.pub-cache/hosted/pub.dev/objective_c-9.4.1/",
[   +1 ms]              "user_defines": {}
[   +1 ms]            }
[   +2 ms] [  +60 ms] output.json contents:
[   +2 ms]            {
[   +2 ms]              "assets_for_linking": {},
[   +3 ms]              "status": "success",
[   +3 ms]              "timestamp": "2026-07-14 00:59:16.000"
[   +2 ms]            }
[   +4 ms] [  +47 ms] Rerunning build for objective_c in /data/data/com.termux/files/home/llano_music_app/.dart_tool/hooks_runner/objective_c/fd5453cced/. Environment variable changed: PATH.
[   +2 ms] [  +18 ms] input.json contents:
[   +3 ms]            {
[   +2 ms]              "assets": {},
[   +3 ms]              "config": {
[   +4 ms]                "build_asset_types": [
[   +3 ms]                  "code_assets/code"
[   +2 ms]                ],
[   +1 ms]                "extensions": {
[   +3 ms]                  "code_assets": {
[   +3 ms]                    "android": {
[   +3 ms]                      "target_ndk_api": 24
[   +3 ms]                    },
[   +2 ms]                    "c_compiler": {
[   +2 ms]                      "ar": "/root/Android/ndk/28.2.13676358/toolchains/llvm/prebuilt/linux-x86_64/bin/llvm-ar",
[   +2 ms]                      "cc": "/root/Android/ndk/28.2.13676358/toolchains/llvm/prebuilt/linux-x86_64/bin/clang",
[   +4 ms]                      "ld": "/root/Android/ndk/28.2.13676358/toolchains/llvm/prebuilt/linux-x86_64/bin/ld.lld"
[   +4 ms]                    },
[   +2 ms]                    "link_mode_preference": "dynamic",
[   +1 ms]                    "target_architecture": "arm",
[   +1 ms]                    "target_os": "android"
[   +1 ms]                  }
[        ]                },
[   +4 ms]                "linking_enabled": false
[   +4 ms]              },
[   +3 ms]              "out_dir_shared": "/data/data/com.termux/files/home/llano_music_app/.dart_tool/hooks_runner/shared/objective_c/build/",
[   +3 ms]              "out_file": "/data/data/com.termux/files/home/llano_music_app/.dart_tool/hooks_runner/objective_c/fd5453cced/output.json",
[   +2 ms]              "package_name": "objective_c",
[   +7 ms]              "package_root": "/root/.pub-cache/hosted/pub.dev/objective_c-9.4.1/",
[   +4 ms]              "user_defines": {}
[   +4 ms]            }
[   +3 ms] [  +47 ms] Found plugin audioplayers at /root/.pub-cache/hosted/pub.dev/audioplayers-6.8.1/
[  +10 ms] [  +65 ms] Running `(cd /root/.pub-cache/hosted/pub.dev/objective_c-9.4.1/; HOME=/root PATH=/usr/bin:/usr/local/sbin:/usr/local/bin:/usr/sbin:/usr/bin:/sbin:/bin:/data/data/com.termux/files/usr/bin:/root/flutter/bin /root/flutter/bin/cache/dart-sdk/bin/dart --packages=/data/data/com.termux/files/home/llano_music_app/.dart_tool/package_config.json /data/data/com.termux/files/home/llano_music_app/.dart_tool/hooks_runner/objective_c/fd5453cced/hook.dill --config=/data/data/com.termux/files/home/llano_music_app/.dart_tool/hooks_runner/objective_c/fd5453cced/input.json )`.
[  +81 ms] [ +109 ms] Found plugin path_provider at /root/.pub-cache/hosted/pub.dev/path_provider-2.1.6/
[   +4 ms] [  +27 ms] Found plugin path_provider_windows at /root/.pub-cache/hosted/pub.dev/path_provider_windows-2.3.0/
[ +195 ms] [ +154 ms] Found plugin path_provider_linux at /root/.pub-cache/hosted/pub.dev/path_provider_linux-2.2.2/
[ +101 ms] [  +62 ms] Found plugin path_provider_foundation at /root/.pub-cache/hosted/pub.dev/path_provider_foundation-2.6.0/
[  +98 ms] [ +147 ms] Found plugin path_provider_android at /root/.pub-cache/hosted/pub.dev/path_provider_android-2.3.1/
[   +4 ms] [  +17 ms] Found plugin jni_flutter at /root/.pub-cache/hosted/pub.dev/jni_flutter-1.0.1/
[   +2 ms] [  +23 ms] Found plugin jni at /root/.pub-cache/hosted/pub.dev/jni-1.0.0/
[ +193 ms] [ +107 ms] Found plugin audioplayers_windows at /root/.pub-cache/hosted/pub.dev/audioplayers_windows-4.4.1/
[   +3 ms] [  +35 ms] Found plugin audioplayers_web at /root/.pub-cache/hosted/pub.dev/audioplayers_web-5.3.0/
[   +2 ms] [  +43 ms] Found plugin audioplayers_linux at /root/.pub-cache/hosted/pub.dev/audioplayers_linux-4.3.0/
[  +93 ms] [  +40 ms] Found plugin audioplayers_darwin at /root/.pub-cache/hosted/pub.dev/audioplayers_darwin-6.5.0/
[   +2 ms] [   +9 ms] output.json contents:
[   +2 ms]            {
[   +2 ms]              "assets_for_linking": {},
[   +1 ms]              "status": "success",
[   +3 ms]              "timestamp": "2026-07-14 02:04:19.000"
[   +2 ms]            }
[   +1 ms] [  +22 ms] Found plugin audioplayers_android at /root/.pub-cache/hosted/pub.dev/audioplayers_android-5.3.0/
[  +83 ms] [  +89 ms] Skipping generating dart_plugin_registrant.dart because it is up-to-date.
[   +2 ms] [        ] gen_dart_plugin_registrant: Complete
[   +2 ms] [  +33 ms] kernel_snapshot_program: Starting due to {}
[  +96 ms] [  +60 ms] /root/flutter/bin/cache/dart-sdk/bin/dartaotruntime /root/flutter/bin/cache/dart-sdk/bin/snapshots/frontend_server_aot.dart.snapshot --sdk-root /root/flutter/bin/cache/artifacts/engine/common/flutter_patched_sdk/ --target=flutter --no-print-incremental-dependencies -DFLUTTER_VERSION=3.44.4 -DFLUTTER_CHANNEL=stable -DFLUTTER_GIT_URL=https://github.com/flutter/flutter.git -DFLUTTER_FRAMEWORK_REVISION=ad70ec4617 -DFLUTTER_ENGINE_REVISION=a10d8ac38d -DFLUTTER_DART_VERSION=3.12.2 -DFLUTTER_APP_FLAVOR= -Ddart.vm.profile=false -Ddart.vm.product=false --enable-asserts --track-widget-creation --no-link-platform --packages /data/data/com.termux/files/home/llano_music_app/.dart_tool/package_config.json --output-dill /data/data/com.termux/files/home/llano_music_app/.dart_tool/flutter_build/dfffe19e1adf5e0ccccf297c32c85893/app.dill --depfile /data/data/com.termux/files/home/llano_music_app/.dart_tool/flutter_build/dfffe19e1adf5e0ccccf297c32c85893/kernel_snapshot_program.d --incremental --initialize-from-dill /data/data/com.termux/files/home/llano_music_app/.dart_tool/flutter_build/dfffe19e1adf5e0ccccf297c32c85893/app.dill --source file:///data/data/com.termux/files/home/llano_music_app/.dart_tool/flutter_build/dart_plugin_registrant.dart --source package:flutter/src/dart_plugin_registrant.dart -Dflutter.dart_plugin_registrant=file:///data/data/com.termux/files/home/llano_music_app/.dart_tool/flutter_build/dart_plugin_registrant.dart --verbosity=error package:llano_music_app/main.dart
[ +301 ms] [ +326 ms] Running `/root/flutter/bin/cache/dart-sdk/bin/dart compile kernel --packages=/data/data/com.termux/files/home/llano_music_app/.dart_tool/package_config.json --output=/data/data/com.termux/files/home/llano_music_app/.dart_tool/hooks_runner/objective_c/fcf343ae82/hook.dill --depfile=/data/data/com.termux/files/home/llano_music_app/.dart_tool/hooks_runner/objective_c/fcf343ae82/hook.dill.d /root/.pub-cache/hosted/pub.dev/objective_c-9.4.1/hook/build.dart`.
[+5405 ms] [+5360 ms] input.json contents:
[   +6 ms]            {
[   +3 ms]              "assets": {},
[   +2 ms]              "config": {
[   +2 ms]                "build_asset_types": [
[   +3 ms]                  "code_assets/code"
[   +2 ms]                ],
[   +2 ms]                "extensions": {
[   +4 ms]                  "code_assets": {
[   +2 ms]                    "android": {
[   +3 ms]                      "target_ndk_api": 24
[   +4 ms]                    },
[   +3 ms]                    "c_compiler": {
[   +7 ms]                      "ar": "/root/Android/ndk/28.2.13676358/toolchains/llvm/prebuilt/linux-x86_64/bin/llvm-ar",
[   +3 ms]                      "cc": "/root/Android/ndk/28.2.13676358/toolchains/llvm/prebuilt/linux-x86_64/bin/clang",
[   +4 ms]                      "ld": "/root/Android/ndk/28.2.13676358/toolchains/llvm/prebuilt/linux-x86_64/bin/ld.lld"
[  +12 ms]                    },
[   +5 ms]                    "link_mode_preference": "dynamic",
[   +4 ms]                    "target_architecture": "arm64",
[   +4 ms]                    "target_os": "android"
[   +5 ms]                  }
[   +3 ms]                },
[   +3 ms]                "linking_enabled": false
[   +5 ms]              },
[   +3 ms]              "out_dir_shared": "/data/data/com.termux/files/home/llano_music_app/.dart_tool/hooks_runner/shared/objective_c/build/",
[   +5 ms]              "out_file": "/data/data/com.termux/files/home/llano_music_app/.dart_tool/hooks_runner/objective_c/fcf343ae82/output.json",
[   +4 ms]              "package_name": "objective_c",
[   +6 ms]              "package_root": "/root/.pub-cache/hosted/pub.dev/objective_c-9.4.1/",
[   +3 ms]              "user_defines": {}
[   +2 ms]            }
[  +10 ms] [  +34 ms] Running `(cd /root/.pub-cache/hosted/pub.dev/objective_c-9.4.1/; HOME=/root PATH=/usr/bin:/usr/local/sbin:/usr/local/bin:/usr/sbin:/usr/bin:/sbin:/bin:/data/data/com.termux/files/usr/bin:/root/flutter/bin /root/flutter/bin/cache/dart-sdk/bin/dart --packages=/data/data/com.termux/files/home/llano_music_app/.dart_tool/package_config.json /data/data/com.termux/files/home/llano_music_app/.dart_tool/hooks_runner/objective_c/fcf343ae82/hook.dill --config=/data/data/com.termux/files/home/llano_music_app/.dart_tool/hooks_runner/objective_c/fcf343ae82/input.json )`.
[ +554 ms] [ +653 ms] output.json contents:
[   +3 ms]            {
[   +3 ms]              "assets_for_linking": {},
[   +9 ms]              "status": "success",
[   +9 ms]              "timestamp": "2026-07-14 02:04:26.000"
[   +2 ms]            }
[  +72 ms] [  +95 ms] Running `/root/flutter/bin/cache/dart-sdk/bin/dart compile kernel --packages=/data/data/com.termux/files/home/llano_music_app/.dart_tool/package_config.json --output=/data/data/com.termux/files/home/llano_music_app/.dart_tool/hooks_runner/objective_c/61afbc996a/hook.dill --depfile=/data/data/com.termux/files/home/llano_music_app/.dart_tool/hooks_runner/objective_c/61afbc996a/hook.dill.d /root/.pub-cache/hosted/pub.dev/objective_c-9.4.1/hook/build.dart`.
[+5402 ms] [+5483 ms] input.json contents:
[   +2 ms]            {
[  +96 ms]              "assets": {},
[  +13 ms]              "config": {
[  +14 ms]                "build_asset_types": [
[   +3 ms]                  "code_assets/code"
[   +3 ms]                ],
[   +3 ms]                "extensions": {
[   +4 ms]                  "code_assets": {
[   +5 ms]                    "android": {
[   +7 ms]                      "target_ndk_api": 24
[  +20 ms]                    },
[   +8 ms]                    "c_compiler": {
[   +5 ms]                      "ar": "/root/Android/ndk/28.2.13676358/toolchains/llvm/prebuilt/linux-x86_64/bin/llvm-ar",
[   +5 ms]                      "cc": "/root/Android/ndk/28.2.13676358/toolchains/llvm/prebuilt/linux-x86_64/bin/clang",
[   +7 ms]                      "ld": "/root/Android/ndk/28.2.13676358/toolchains/llvm/prebuilt/linux-x86_64/bin/ld.lld"
[   +2 ms]                    },
[   +4 ms]                    "link_mode_preference": "dynamic",
[   +6 ms]                    "target_architecture": "x64",
[   +5 ms]                    "target_os": "android"
[   +9 ms]                  }
[   +3 ms]                },
[   +6 ms]                "linking_enabled": false
[   +7 ms]              },
[   +4 ms]              "out_dir_shared": "/data/data/com.termux/files/home/llano_music_app/.dart_tool/hooks_runner/shared/objective_c/build/",
[   +5 ms]              "out_file": "/data/data/com.termux/files/home/llano_music_app/.dart_tool/hooks_runner/objective_c/61afbc996a/output.json",
[   +6 ms]              "package_name": "objective_c",
[   +4 ms]              "package_root": "/root/.pub-cache/hosted/pub.dev/objective_c-9.4.1/",
[   +8 ms]              "user_defines": {}
[   +4 ms]            }
[  +56 ms] [  +88 ms] Running `(cd /root/.pub-cache/hosted/pub.dev/objective_c-9.4.1/; HOME=/root PATH=/usr/bin:/usr/local/sbin:/usr/local/bin:/usr/sbin:/usr/bin:/sbin:/bin:/data/data/com.termux/files/usr/bin:/root/flutter/bin /root/flutter/bin/cache/dart-sdk/bin/dart --packages=/data/data/com.termux/files/home/llano_music_app/.dart_tool/package_config.json /data/data/com.termux/files/home/llano_music_app/.dart_tool/hooks_runner/objective_c/61afbc996a/hook.dill --config=/data/data/com.termux/files/home/llano_music_app/.dart_tool/hooks_runner/objective_c/61afbc996a/input.json )`.
[+1171 ms] [+1343 ms] output.json contents:
[   +6 ms]            {
[   +4 ms]              "assets_for_linking": {},
[   +6 ms]              "status": "success",
[   +5 ms]              "timestamp": "2026-07-14 02:04:32.000"
[   +3 ms]            }
[   +3 ms] [  +38 ms] Building native assets for android_arm, android_arm64, android_x64 done.
[  +60 ms] [  +58 ms] dart_build: Complete
[  +96 ms] [ +126 ms] install_code_assets: Starting due to {}
[ +208 ms] [ +154 ms] Writing native assets json to file:///data/data/com.termux/files/home/llano_music_app/.dart_tool/flutter_build/dfffe19e1adf5e0ccccf297c32c85893/native_assets.json.
[   +4 ms] [  +28 ms] Writing /data/data/com.termux/files/home/llano_music_app/.dart_tool/flutter_build/dfffe19e1adf5e0ccccf297c32c85893/native_assets.json done.
[   +4 ms] [  +20 ms] install_code_assets: Complete
[+31882 ms] [+31877 ms] kernel_snapshot_program: Complete
[+4507 ms] [+4483 ms] debug_android_application: Starting due to {}
[+1191 ms] [+1237 ms] Manifest contained wildcard assets. Inserting missing file into build graph to force rerun. for more information see #56466.
[ +199 ms] [ +225 ms] impellerc command: [/root/flutter/bin/cache/artifacts/engine/linux-arm64/impellerc, --sksl, --runtime-stage-gles, --runtime-stage-gles3, --runtime-stage-vulkan, --iplr, --sl=/data/data/com.termux/files/home/llano_music_app/build/app/intermediates/flutter/debug/flutter_assets/shaders/ink_sparkle.frag, --spirv=/data/data/com.termux/files/home/llano_music_app/build/app/intermediates/flutter/debug/flutter_assets/shaders/ink_sparkle.frag.spirv, --input=/root/flutter/packages/flutter/lib/src/material/shaders/ink_sparkle.frag, --input-type=frag, --include=/root/flutter/packages/flutter/lib/src/material/shaders, --include=/root/flutter/bin/cache/artifacts/engine/linux-arm64/shader_lib]
[   +4 ms] [  +19 ms] impellerc command: [/root/flutter/bin/cache/artifacts/engine/linux-arm64/impellerc, --sksl, --runtime-stage-gles, --runtime-stage-gles3, --runtime-stage-vulkan, --iplr, --sl=/data/data/com.termux/files/home/llano_music_app/build/app/intermediates/flutter/debug/flutter_assets/shaders/stretch_effect.frag, --spirv=/data/data/com.termux/files/home/llano_music_app/build/app/intermediates/flutter/debug/flutter_assets/shaders/stretch_effect.frag.spirv, --input=/root/flutter/packages/flutter/lib/src/material/shaders/stretch_effect.frag, --input-type=frag, --include=/root/flutter/packages/flutter/lib/src/material/shaders, --include=/root/flutter/bin/cache/artifacts/engine/linux-arm64/shader_lib]
[+1895 ms] [+1838 ms] debug_android_application: Complete
[+3400 ms] [+3371 ms] Persisting file store
[   +5 ms] [  +41 ms] Done persisting file store
[ +100 ms] [  +66 ms] build succeeded.
[   +3 ms] [  +28 ms] "flutter assemble" took 60,574ms.
[ +195 ms] [ +164 ms] Running 1 shutdown hook
[   +5 ms] [  +13 ms] Shutdown hooks complete
[ +288 ms] [ +303 ms] exiting with code 0
[ +709 ms] Resolve mutations for :app:generateDebugAssets (Thread[#153,included builds Thread 2,5,main]) started.
[   +3 ms] :app:generateDebugAssets (Thread[#78,Execution worker Thread 2,5,main]) started.
[   +7 ms] > Task :app:generateDebugAssets UP-TO-DATE
[   +7 ms] Skipping task ':app:generateDebugAssets' as it has no actions.
[   +4 ms] Resolve mutations for :audioplayers_android:generateDebugAssets (Thread[#78,Execution worker Thread 2,5,main]) started.
[   +3 ms] :audioplayers_android:generateDebugAssets (Thread[#78,Execution worker Thread 2,5,main]) started.
[   +3 ms] > Task :audioplayers_android:generateDebugAssets UP-TO-DATE
[   +3 ms] Skipping task ':audioplayers_android:generateDebugAssets' as it has no actions.
[   +3 ms] Resolve mutations for :audioplayers_android:preBuild (Thread[#78,Execution worker Thread 2,5,main]) started.
[   +4 ms] :audioplayers_android:preBuild (Thread[#78,Execution worker Thread 2,5,main]) started.
[  +34 ms] > Task :audioplayers_android:preBuild UP-TO-DATE
[   +8 ms] Skipping task ':audioplayers_android:preBuild' as it has no actions.
[  +20 ms] Resolve mutations for :audioplayers_android:preDebugBuild (Thread[#78,Execution worker Thread 2,5,main]) started.
[  +12 ms] :audioplayers_android:preDebugBuild (Thread[#82,Execution worker Thread 6,5,main]) started.
[  +14 ms] > Task :audioplayers_android:preDebugBuild UP-TO-DATE
[   +3 ms] Skipping task ':audioplayers_android:preDebugBuild' as it has no actions.
[   +1 ms] Resolve mutations for :audioplayers_android:mergeDebugAssets (Thread[#82,Execution worker Thread 6,5,main]) started.
[   +2 ms] :audioplayers_android:mergeDebugAssets (Thread[#82,Execution worker Thread 6,5,main]) started.
[ +553 ms] > Task :audioplayers_android:mergeDebugAssets
[   +3 ms] Caching disabled for task ':audioplayers_android:mergeDebugAssets' because:
[   +4 ms]   Build cache is disabled
[   +5 ms]   Simple merging task
[   +7 ms] Task ':audioplayers_android:mergeDebugAssets' is not up-to-date because:
[   +3 ms]   Output property 'outputDir' file /data/data/com.termux/files/home/llano_music_app/build/audioplayers_android/intermediates/assets/debug/mergeDebugAssets has been removed.
[  +15 ms] The input changes require a full rebuild for incremental task ':audioplayers_android:mergeDebugAssets'.
[   +3 ms] work action resolve mergeDebugAssets (project :audioplayers_android) (Thread[#82,Execution worker Thread 6,5,main]) started.
[  +10 ms] Resolve mutations for :jni:generateDebugAssets (Thread[#82,Execution worker Thread 6,5,main]) started.
[   +6 ms] :jni:generateDebugAssets (Thread[#82,Execution worker Thread 6,5,main]) started.
[  +11 ms] > Task :jni:generateDebugAssets UP-TO-DATE
[   +8 ms] Skipping task ':jni:generateDebugAssets' as it has no actions.
[   +8 ms] Resolve mutations for :jni:preBuild (Thread[#82,Execution worker Thread 6,5,main]) started.
[   +7 ms] :jni:preBuild (Thread[#82,Execution worker Thread 6,5,main]) started.
[   +7 ms] > Task :jni:preBuild UP-TO-DATE
[  +12 ms] Skipping task ':jni:preBuild' as it has no actions.
[   +2 ms] Resolve mutations for :jni:preDebugBuild (Thread[#82,Execution worker Thread 6,5,main]) started.
[   +7 ms] :jni:preDebugBuild (Thread[#82,Execution worker Thread 6,5,main]) started.
[   +9 ms] > Task :jni:preDebugBuild UP-TO-DATE
[   +4 ms] Skipping task ':jni:preDebugBuild' as it has no actions.
[   +2 ms] Resolve mutations for :jni:mergeDebugAssets (Thread[#82,Execution worker Thread 6,5,main]) started.
[   +7 ms] :jni:mergeDebugAssets (Thread[#82,Execution worker Thread 6,5,main]) started.
[ +164 ms] > Task :jni:mergeDebugAssets
[   +5 ms] Caching disabled for task ':jni:mergeDebugAssets' because:
[   +4 ms]   Build cache is disabled
[   +2 ms]   Simple merging task
[   +5 ms] Task ':jni:mergeDebugAssets' is not up-to-date because:
[   +9 ms]   Output property 'outputDir' file /data/data/com.termux/files/home/llano_music_app/build/jni/intermediates/assets/debug/mergeDebugAssets has been removed.
[  +11 ms] The input changes require a full rebuild for incremental task ':jni:mergeDebugAssets'.
[   +9 ms] work action resolve mergeDebugAssets (project :jni) (Thread[#82,Execution worker Thread 6,5,main]) started.
[   +7 ms] Resolve mutations for :jni_flutter:generateDebugAssets (Thread[#82,Execution worker Thread 6,5,main]) started.
[  +16 ms] :jni_flutter:generateDebugAssets (Thread[#82,Execution worker Thread 6,5,main]) started.
[   +5 ms] > Task :jni_flutter:generateDebugAssets UP-TO-DATE
[  +11 ms] Skipping task ':jni_flutter:generateDebugAssets' as it has no actions.
[   +7 ms] Resolve mutations for :jni_flutter:preBuild (Thread[#82,Execution worker Thread 6,5,main]) started.
[   +4 ms] :jni_flutter:preBuild (Thread[#82,Execution worker Thread 6,5,main]) started.
[   +4 ms] > Task :jni_flutter:preBuild UP-TO-DATE
[   +3 ms] Skipping task ':jni_flutter:preBuild' as it has no actions.
[   +4 ms] Resolve mutations for :jni_flutter:preDebugBuild (Thread[#82,Execution worker Thread 6,5,main]) started.
[   +3 ms] :jni_flutter:preDebugBuild (Thread[#82,Execution worker Thread 6,5,main]) started.
[   +7 ms] > Task :jni_flutter:preDebugBuild UP-TO-DATE
[   +3 ms] Skipping task ':jni_flutter:preDebugBuild' as it has no actions.
[   +4 ms] Resolve mutations for :jni_flutter:mergeDebugAssets (Thread[#82,Execution worker Thread 6,5,main]) started.
[   +4 ms] :jni_flutter:mergeDebugAssets (Thread[#82,Execution worker Thread 6,5,main]) started.
[  +57 ms] > Task :jni_flutter:mergeDebugAssets
[   +6 ms] Caching disabled for task ':jni_flutter:mergeDebugAssets' because:
[   +4 ms]   Build cache is disabled
[   +5 ms]   Simple merging task
[   +7 ms] Task ':jni_flutter:mergeDebugAssets' is not up-to-date because:
[  +18 ms]   Output property 'outputDir' file /data/data/com.termux/files/home/llano_music_app/build/jni_flutter/intermediates/assets/debug/mergeDebugAssets has been removed.
[   +5 ms] The input changes require a full rebuild for incremental task ':jni_flutter:mergeDebugAssets'.
[   +4 ms] work action resolve mergeDebugAssets (project :jni_flutter) (Thread[#82,Execution worker Thread 6,5,main]) started.
[   +3 ms] Resolve mutations for :app:mergeDebugAssets (Thread[#82,Execution worker Thread 6,5,main]) started.
[   +6 ms] :app:mergeDebugAssets (Thread[#82,Execution worker Thread 6,5,main]) started.
[+2933 ms] > Task :app:mergeDebugAssets
[   +2 ms] Caching disabled for task ':app:mergeDebugAssets' because:
[   +2 ms]   Build cache is disabled
[   +2 ms]   Simple merging task
[   +1 ms] Task ':app:mergeDebugAssets' is not up-to-date because:
[   +3 ms]   Output property 'outputDir' file /data/data/com.termux/files/home/llano_music_app/build/app/intermediates/assets/debug/mergeDebugAssets has been removed.
[   +2 ms] The input changes require a full rebuild for incremental task ':app:mergeDebugAssets'.
[  +82 ms] Resolve mutations for :app:copyFlutterAssetsDebug (Thread[#82,Execution worker Thread 6,5,main]) started.
[   +3 ms] :app:copyFlutterAssetsDebug (Thread[#82,Execution worker Thread 6,5,main]) started.
[+1505 ms] > Task :app:copyFlutterAssetsDebug
[   +7 ms] Caching disabled for task ':app:copyFlutterAssetsDebug' because:
[   +7 ms]   Build cache is disabled
[   +3 ms]   Not worth caching
[   +5 ms] Task ':app:copyFlutterAssetsDebug' is not up-to-date because:
[   +5 ms]   Output property 'destinationDir' file /data/data/com.termux/files/home/llano_music_app/build/app/intermediates/assets/debug/mergeDebugAssets/flutter_assets has been removed.
[   +3 ms]   Output property 'destinationDir' file /data/data/com.termux/files/home/llano_music_app/build/app/intermediates/assets/debug/mergeDebugAssets/flutter_assets/AssetManifest.bin has been removed.
[   +3 ms]   Output property 'destinationDir' file /data/data/com.termux/files/home/llano_music_app/build/app/intermediates/assets/debug/mergeDebugAssets/flutter_assets/FontManifest.json has been removed.
[   +6 ms]   and more...
[   +8 ms] Resolve mutations for :app:generateDebugResources (Thread[#82,Execution worker Thread 6,5,main]) started.
[   +2 ms] :app:generateDebugResources (Thread[#82,Execution worker Thread 6,5,main]) started.
[ +139 ms] > Task :app:generateDebugResources
[   +4 ms] Caching disabled for task ':app:generateDebugResources' because:
[   +6 ms]   Build cache is disabled
[   +7 ms] Task ':app:generateDebugResources' is not up-to-date because:
[   +4 ms]   Output property 'validationReportFile' file /data/data/com.termux/files/home/llano_music_app/build/app/intermediates/nested_resources_validation_report/debug/generateDebugResources/nestedResourcesValidationReport.txt has been removed.
[   +7 ms] Resolve mutations for :app:packageDebugResources (Thread[#82,Execution worker Thread 6,5,main]) started.
[   +2 ms] :app:packageDebugResources (Thread[#82,Execution worker Thread 6,5,main]) started.
[+1168 ms] > Task :app:packageDebugResources
[  +12 ms] Caching disabled for task ':app:packageDebugResources' because:
[  +15 ms]   Build cache is disabled
[  +14 ms] Task ':app:packageDebugResources' is not up-to-date because:
[  +12 ms]   Output property 'dataBindingLayoutInfoOutFolder' file /data/data/com.termux/files/home/llano_music_app/build/app/intermediates/data_binding_layout_info_type_package/debug/packageDebugResources/out has been removed.
[  +10 ms]   Output property 'incrementalFolder' file /data/data/com.termux/files/home/llano_music_app/build/app/intermediates/incremental/debug/packageDebugResources has been removed.
[  +10 ms]   Output property 'incrementalFolder' file /data/data/com.termux/files/home/llano_music_app/build/app/intermediates/incremental/debug/packageDebugResources/compile-file-map.properties has been removed.
[  +11 ms]   and more...
[  +23 ms] The input changes require a full rebuild for incremental task ':app:packageDebugResources'.
[   +6 ms] [MergeResources] Inputs are non-incremental full task action.
[   +4 ms] Resolve mutations for :audioplayers_android:processDebugNavigationResources (Thread[#82,Execution worker Thread 6,5,main]) started.
[   +7 ms] :audioplayers_android:processDebugNavigationResources (Thread[#82,Execution worker Thread 6,5,main]) started.
[  +11 ms] > Task :audioplayers_android:processDebugNavigationResources
[   +6 ms] Caching disabled for task ':audioplayers_android:processDebugNavigationResources' because:
[   +6 ms]   Build cache is disabled
[   +8 ms] Task ':audioplayers_android:processDebugNavigationResources' is not up-to-date because:
[   +7 ms]   Output property 'outputDir' file /data/data/com.termux/files/home/llano_music_app/build/audioplayers_android/generated/updated_navigation_xml/debug has been removed.
[   +8 ms] work action resolve debug (project :audioplayers_android) (Thread[#82,Execution worker Thread 6,5,main]) started.
[   +3 ms] Resolve mutations for :jni:processDebugNavigationResources (Thread[#82,Execution worker Thread 6,5,main]) started.
[  +23 ms] :jni:processDebugNavigationResources (Thread[#82,Execution worker Thread 6,5,main]) started.
[   +8 ms] > Task :jni:processDebugNavigationResources
[   +4 ms] Caching disabled for task ':jni:processDebugNavigationResources' because:
[   +6 ms]   Build cache is disabled
[   +4 ms] Task ':jni:processDebugNavigationResources' is not up-to-date because:
[   +3 ms]   Output property 'outputDir' file /data/data/com.termux/files/home/llano_music_app/build/jni/generated/updated_navigation_xml/debug has been removed.
[  +64 ms] work action resolve debug (project :jni) (Thread[#82,Execution worker Thread 6,5,main]) started.
[   +5 ms] Resolve mutations for :jni_flutter:processDebugNavigationResources (Thread[#82,Execution worker Thread 6,5,main]) started.
[   +3 ms] :jni_flutter:processDebugNavigationResources (Thread[#82,Execution worker Thread 6,5,main]) started.
[   +2 ms] > Task :jni_flutter:processDebugNavigationResources
[   +3 ms] Caching disabled for task ':jni_flutter:processDebugNavigationResources' because:
[   +4 ms]   Build cache is disabled
[   +3 ms] Task ':jni_flutter:processDebugNavigationResources' is not up-to-date because:
[   +3 ms]   Output property 'outputDir' file /data/data/com.termux/files/home/llano_music_app/build/jni_flutter/generated/updated_navigation_xml/debug has been removed.
[ +121 ms] work action resolve debug (project :jni_flutter) (Thread[#82,Execution worker Thread 6,5,main]) started.
[  +19 ms] Resolve mutations for :app:processDebugNavigationResources (Thread[#82,Execution worker Thread 6,5,main]) started.
[   +4 ms] :app:processDebugNavigationResources (Thread[#82,Execution worker Thread 6,5,main]) started.
[ +223 ms] > Task :app:processDebugNavigationResources
[   +3 ms] Caching disabled for task ':app:processDebugNavigationResources' because:
[   +3 ms]   Build cache is disabled
[   +7 ms] Task ':app:processDebugNavigationResources' is not up-to-date because:
[   +1 ms]   Output property 'outputDir' file /data/data/com.termux/files/home/llano_music_app/build/app/generated/updated_navigation_xml/debug has been removed.
[   +2 ms] Resolve mutations for :app:parseDebugLocalResources (Thread[#82,Execution worker Thread 6,5,main]) started.
[   +3 ms] :app:parseDebugLocalResources (Thread[#77,Execution worker,5,main]) started.
[  +80 ms] Resolve mutations for :audioplayers_android:checkKotlinGradlePluginConfigurationErrors (Thread[#82,Execution worker Thread 6,5,main]) started.
[   +3 ms] :audioplayers_android:checkKotlinGradlePluginConfigurationErrors (Thread[#82,Execution worker Thread 6,5,main]) started.
[   +5 ms] > Task :audioplayers_android:checkKotlinGradlePluginConfigurationErrors SKIPPED
[   +2 ms] Skipping task ':audioplayers_android:checkKotlinGradlePluginConfigurationErrors' as task onlyIf 'errorDiagnostics are present' is false.
[  +88 ms] Resolve mutations for :audioplayers_android:generateDebugResources (Thread[#82,Execution worker Thread 6,5,main]) started.
[   +4 ms] :audioplayers_android:generateDebugResources (Thread[#82,Execution worker Thread 6,5,main]) started.
[ +104 ms] > Task :audioplayers_android:generateDebugResources
[   +2 ms] Caching disabled for task ':audioplayers_android:generateDebugResources' because:
[  +15 ms]   Build cache is disabled
[   +9 ms] Task ':audioplayers_android:generateDebugResources' is not up-to-date because:
[   +6 ms]   Output property 'validationReportFile' file /data/data/com.termux/files/home/llano_music_app/build/audioplayers_android/intermediates/nested_resources_validation_report/debug/generateDebugResources/nestedResourcesValidationReport.txt has been removed.
[   +4 ms] Resolve mutations for :audioplayers_android:packageDebugResources (Thread[#82,Execution worker Thread 6,5,main]) started.
[   +3 ms] :audioplayers_android:packageDebugResources (Thread[#82,Execution worker Thread 6,5,main]) started.
[ +350 ms] > Task :audioplayers_android:packageDebugResources
[  +11 ms] Caching disabled for task ':audioplayers_android:packageDebugResources' because:
[  +13 ms]   Build cache is disabled
[   +7 ms] Task ':audioplayers_android:packageDebugResources' is not up-to-date because:
[   +5 ms]   Output property 'dataBindingLayoutInfoOutFolder' file /data/data/com.termux/files/home/llano_music_app/build/audioplayers_android/intermediates/data_binding_layout_info_type_package/debug/packageDebugResources/out has been removed.
[   +5 ms]   Output property 'generatedPngsOutputDir' file /data/data/com.termux/files/home/llano_music_app/build/audioplayers_android/generated/res/pngs/debug has been removed.
[   +6 ms]   Output property 'incrementalFolder' file /data/data/com.termux/files/home/llano_music_app/build/audioplayers_android/intermediates/incremental/debug/packageDebugResources has been removed.
[   +3 ms]   and more...
[   +4 ms] The input changes require a full rebuild for incremental task ':audioplayers_android:packageDebugResources'.
[  +10 ms] [MergeResources] Inputs are non-incremental full task action.
[   +7 ms] work action resolve packageDebugResources (project :audioplayers_android) (Thread[#82,Execution worker Thread 6,5,main]) started.
[  +11 ms] Resolve mutations for :audioplayers_android:parseDebugLocalResources (Thread[#82,Execution worker Thread 6,5,main]) started.
[  +11 ms] :audioplayers_android:parseDebugLocalResources (Thread[#82,Execution worker Thread 6,5,main]) started.
[  +20 ms] Resolve mutations for :audioplayers_android:javaPreCompileDebug (Thread[#81,Execution worker Thread 5,5,main]) started.
[  +12 ms] > Task :app:parseDebugLocalResources
[  +18 ms] Caching disabled for task ':app:parseDebugLocalResources' because:
[   +4 ms]   Build cache is disabled
[   +3 ms] Task ':app:parseDebugLocalResources' is not up-to-date because:
[  +14 ms]   Output property 'librarySymbolsFile' file /data/data/com.termux/files/home/llano_music_app/build/app/intermediates/local_only_symbol_list/debug/parseDebugLocalResources/R-def.txt has been removed.
[   +6 ms] The input changes require a full rebuild for incremental task ':app:parseDebugLocalResources'.
[   +2 ms] Resolve mutations for :app:generateDebugRFile (Thread[#81,Execution worker Thread 5,5,main]) started.
[   +2 ms] :app:generateDebugRFile (Thread[#81,Execution worker Thread 5,5,main]) started.
[  +10 ms] > Task :audioplayers_android:parseDebugLocalResources
[   +2 ms] Caching disabled for task ':audioplayers_android:parseDebugLocalResources' because:
[   +2 ms]   Build cache is disabled
[   +2 ms] Task ':audioplayers_android:parseDebugLocalResources' is not up-to-date because:
[   +2 ms]   Output property 'librarySymbolsFile' file /data/data/com.termux/files/home/llano_music_app/build/audioplayers_android/intermediates/local_only_symbol_list/debug/parseDebugLocalResources/R-def.txt has been removed.
[   +2 ms] The input changes require a full rebuild for incremental task ':audioplayers_android:parseDebugLocalResources'.
[  +88 ms] Resolve mutations for :audioplayers_android:generateDebugRFile (Thread[#82,Execution worker Thread 6,5,main]) started.
[   +4 ms] :audioplayers_android:generateDebugRFile (Thread[#82,Execution worker Thread 6,5,main]) started.
[ +106 ms] :audioplayers_android:javaPreCompileDebug (Thread[#80,Execution worker Thread 4,5,main]) started.
[ +276 ms] Resolve mutations for :jni:checkKotlinGradlePluginConfigurationErrors (Thread[#79,Execution worker Thread 3,5,main]) started.
[  +11 ms] :jni:checkKotlinGradlePluginConfigurationErrors (Thread[#79,Execution worker Thread 3,5,main]) started.
[  +18 ms] > Task :jni:checkKotlinGradlePluginConfigurationErrors SKIPPED
[   +3 ms] Skipping task ':jni:checkKotlinGradlePluginConfigurationErrors' as task onlyIf 'errorDiagnostics are present' is false.
[   +2 ms] Resolve mutations for :jni:generateDebugResources (Thread[#79,Execution worker Thread 3,5,main]) started.
[   +6 ms] :jni:generateDebugResources (Thread[#79,Execution worker Thread 3,5,main]) started.
[ +177 ms] > Task :audioplayers_android:javaPreCompileDebug
[   +4 ms] Caching disabled for task ':audioplayers_android:javaPreCompileDebug' because:
[   +2 ms]   Build cache is disabled
[   +2 ms] Task ':audioplayers_android:javaPreCompileDebug' is not up-to-date because:
[   +2 ms]   Output property 'annotationProcessorListFile' file /data/data/com.termux/files/home/llano_music_app/build/audioplayers_android/intermediates/annotation_processor_list/debug/javaPreCompileDebug/annotationProcessors.json has been removed.
[   +4 ms] > Task :audioplayers_android:generateDebugRFile
[   +3 ms] Caching disabled for task ':audioplayers_android:generateDebugRFile' because:
[   +2 ms]   Build cache is disabled
[   +2 ms] Task ':audioplayers_android:generateDebugRFile' is not up-to-date because:
[   +4 ms]   Output property 'RClassOutputJar' file /data/data/com.termux/files/home/llano_music_app/build/audioplayers_android/intermediates/compile_r_class_jar/debug/generateDebugRFile/R.jar has been removed.
[   +3 ms]   Output property 'symbolsWithPackageNameOutputFile' file /data/data/com.termux/files/home/llano_music_app/build/audioplayers_android/intermediates/symbol_list_with_package_name/debug/generateDebugRFile/package-aware-r.txt has been removed.
[   +3 ms]   Output property 'textSymbolOutputFileProperty' file /data/data/com.termux/files/home/llano_music_app/build/audioplayers_android/intermediates/compile_symbol_list/debug/generateDebugRFile/R.txt has been removed.
[   +2 ms] The input changes require a full rebuild for incremental task ':audioplayers_android:generateDebugRFile'.
[   +2 ms] > Task :app:generateDebugRFile
[   +3 ms] Caching disabled for task ':app:generateDebugRFile' because:
[   +5 ms]   Build cache is disabled
[   +2 ms] Task ':app:generateDebugRFile' is not up-to-date because:
[   +6 ms]   Output property 'RClassOutputJar' file /data/data/com.termux/files/home/llano_music_app/build/app/intermediates/compile_r_class_jar/debug/generateDebugRFile/R.jar has been removed.
[   +5 ms]   Output property 'symbolsWithPackageNameOutputFile' file /data/data/com.termux/files/home/llano_music_app/build/app/intermediates/symbol_list_with_package_name/debug/generateDebugRFile/package-aware-r.txt has been removed.
[   +3 ms]   Output property 'textSymbolOutputFileProperty' file /data/data/com.termux/files/home/llano_music_app/build/app/intermediates/compile_symbol_list/debug/generateDebugRFile/R.txt has been removed.
[   +1 ms] The input changes require a full rebuild for incremental task ':app:generateDebugRFile'.
[   +2 ms] > Task :jni:generateDebugResources
[   +1 ms] Caching disabled for task ':jni:generateDebugResources' because:
[   +1 ms]   Build cache is disabled
[   +4 ms] Task ':jni:generateDebugResources' is not up-to-date because:
[   +2 ms]   Output property 'validationReportFile' file /data/data/com.termux/files/home/llano_music_app/build/jni/intermediates/nested_resources_validation_report/debug/generateDebugResources/nestedResourcesValidationReport.txt has been removed.
[   +3 ms] work action resolve package-aware-r.txt (project :audioplayers_android) (Thread[#79,Execution worker Thread 3,5,main]) started.
[   +6 ms] Resolve mutations for :audioplayers_android:compileDebugKotlin (Thread[#79,Execution worker Thread 3,5,main]) started.
[   +1 ms] :audioplayers_android:compileDebugKotlin (Thread[#79,Execution worker Thread 3,5,main]) started.
[+2004 ms] > Task :audioplayers_android:compileDebugKotlin
[   +9 ms] Adding -Xuse-inline-scopes-numbers Kotlin compiler flag for task :audioplayers_android:compileDebugAndroidTestKotlin
[   +4 ms] Caching disabled for task ':audioplayers_android:compileDebugKotlin' because:
[   +4 ms]   Build cache is disabled
[   +6 ms] Task ':audioplayers_android:compileDebugKotlin' is not up-to-date because:
[   +4 ms]   Output property 'classpathSnapshotProperties.classpathSnapshotDir' file /data/data/com.termux/files/home/llano_music_app/build/audioplayers_android/kotlin/compileDebugKotlin/classpath-snapshot has been removed.
[   +3 ms]   Output property 'classpathSnapshotProperties.classpathSnapshotDir' file /data/data/com.termux/files/home/llano_music_app/build/audioplayers_android/kotlin/compileDebugKotlin/classpath-snapshot/shrunk-classpath-snapshot.bin has been removed.
[   +2 ms]   Output property 'destinationDirectory' file /data/data/com.termux/files/home/llano_music_app/build/audioplayers_android/tmp/kotlin-classes/debug has been removed.
[   +2 ms]   and more...
[   +2 ms] The input changes require a full rebuild for incremental task ':audioplayers_android:compileDebugKotlin'.
[   +2 ms] file or directory '/root/.pub-cache/hosted/pub.dev/audioplayers_android-5.3.0/android/src/debug/kotlin', not found
[   +1 ms] file or directory '/root/.pub-cache/hosted/pub.dev/audioplayers_android-5.3.0/android/src/debug/java', not found
[   +1 ms] file or directory '/root/.pub-cache/hosted/pub.dev/audioplayers_android-5.3.0/android/src/debug/kotlin', not found
[   +4 ms] file or directory '/root/.pub-cache/hosted/pub.dev/audioplayers_android-5.3.0/android/src/debug/java', not found
[   +2 ms] file or directory '/root/.pub-cache/hosted/pub.dev/audioplayers_android-5.3.0/android/src/debug/kotlin', not found
[   +2 ms] file or directory '/root/.pub-cache/hosted/pub.dev/audioplayers_android-5.3.0/android/src/debug/java', not found
[   +2 ms] file or directory '/root/.pub-cache/hosted/pub.dev/audioplayers_android-5.3.0/android/src/main/java', not found
[   +3 ms] file or directory '/root/.pub-cache/hosted/pub.dev/audioplayers_android-5.3.0/android/src/main/java', not found
[   +2 ms] file or directory '/root/.pub-cache/hosted/pub.dev/audioplayers_android-5.3.0/android/src/main/java', not found
[   +2 ms] file or directory '/root/.pub-cache/hosted/pub.dev/audioplayers_android-5.3.0/android/src/main/java', not found
[   +2 ms] file or directory '/root/.pub-cache/hosted/pub.dev/audioplayers_android-5.3.0/android/src/debug/java', not found
[   +2 ms] file or directory '/root/.pub-cache/hosted/pub.dev/audioplayers_android-5.3.0/android/src/debug/kotlin', not found
[   +3 ms] file or directory '/root/.pub-cache/hosted/pub.dev/audioplayers_android-5.3.0/android/src/debug/kotlin', not found
[   +2 ms] file or directory '/root/.pub-cache/hosted/pub.dev/audioplayers_android-5.3.0/android/src/debug/java', not found
[   +3 ms] file or directory '/root/.pub-cache/hosted/pub.dev/audioplayers_android-5.3.0/android/src/debug/kotlin', not found
[   +3 ms] file or directory '/root/.pub-cache/hosted/pub.dev/audioplayers_android-5.3.0/android/src/debug/java', not found
[   +3 ms] file or directory '/root/.pub-cache/hosted/pub.dev/audioplayers_android-5.3.0/android/src/debug/kotlin', not found
[   +1 ms] file or directory '/root/.pub-cache/hosted/pub.dev/audioplayers_android-5.3.0/android/src/debug/java', not found
[   +1 ms] file or directory '/root/.pub-cache/hosted/pub.dev/audioplayers_android-5.3.0/android/src/debug/kotlin', not found
[   +3 ms] file or directory '/root/.pub-cache/hosted/pub.dev/audioplayers_android-5.3.0/android/src/debug/java', not found
[   +2 ms] file or directory '/root/.pub-cache/hosted/pub.dev/audioplayers_android-5.3.0/android/src/debug/kotlin', not found
[   +1 ms] file or directory '/root/.pub-cache/hosted/pub.dev/audioplayers_android-5.3.0/android/src/debug/java', not found
[   +1 ms] file or directory '/root/.pub-cache/hosted/pub.dev/audioplayers_android-5.3.0/android/src/debug/kotlin', not found
[   +2 ms] file or directory '/root/.pub-cache/hosted/pub.dev/audioplayers_android-5.3.0/android/src/debug/java', not found
[   +2 ms] file or directory '/root/.pub-cache/hosted/pub.dev/audioplayers_android-5.3.0/android/src/main/java', not found
[   +3 ms] file or directory '/root/.pub-cache/hosted/pub.dev/audioplayers_android-5.3.0/android/src/main/java', not found
[   +3 ms] file or directory '/root/.pub-cache/hosted/pub.dev/audioplayers_android-5.3.0/android/src/main/java', not found
[   +2 ms] file or directory '/root/.pub-cache/hosted/pub.dev/audioplayers_android-5.3.0/android/src/main/java', not found
[  +81 ms] file or directory '/root/.pub-cache/hosted/pub.dev/audioplayers_android-5.3.0/android/src/debug/java', not found
[   +1 ms] file or directory '/root/.pub-cache/hosted/pub.dev/audioplayers_android-5.3.0/android/src/debug/kotlin', not found
[   +2 ms] file or directory '/root/.pub-cache/hosted/pub.dev/audioplayers_android-5.3.0/android/src/debug/kotlin', not found
[   +9 ms] file or directory '/root/.pub-cache/hosted/pub.dev/audioplayers_android-5.3.0/android/src/debug/java', not found
[   +4 ms] file or directory '/root/.pub-cache/hosted/pub.dev/audioplayers_android-5.3.0/android/src/debug/kotlin', not found
[   +4 ms] file or directory '/root/.pub-cache/hosted/pub.dev/audioplayers_android-5.3.0/android/src/debug/java', not found
[   +2 ms] file or directory '/root/.pub-cache/hosted/pub.dev/audioplayers_android-5.3.0/android/src/debug/kotlin', not found
[   +6 ms] file or directory '/root/.pub-cache/hosted/pub.dev/audioplayers_android-5.3.0/android/src/debug/java', not found
[   +4 ms] file or directory '/root/.pub-cache/hosted/pub.dev/audioplayers_android-5.3.0/android/src/main/java', not found
[  +63 ms] file or directory '/root/.pub-cache/hosted/pub.dev/audioplayers_android-5.3.0/android/src/main/java', not found
[   +3 ms] file or directory '/root/.pub-cache/hosted/pub.dev/audioplayers_android-5.3.0/android/src/main/java', not found
[   +3 ms] file or directory '/root/.pub-cache/hosted/pub.dev/audioplayers_android-5.3.0/android/src/main/java', not found
[  +91 ms] file or directory '/root/.pub-cache/hosted/pub.dev/audioplayers_android-5.3.0/android/src/debug/java', not found
[   +3 ms] file or directory '/root/.pub-cache/hosted/pub.dev/audioplayers_android-5.3.0/android/src/debug/kotlin', not found
[   +2 ms] file or directory '/root/.pub-cache/hosted/pub.dev/audioplayers_android-5.3.0/android/src/debug/kotlin', not found
[   +3 ms] file or directory '/root/.pub-cache/hosted/pub.dev/audioplayers_android-5.3.0/android/src/debug/java', not found
[   +2 ms] file or directory '/root/.pub-cache/hosted/pub.dev/audioplayers_android-5.3.0/android/src/debug/kotlin', not found
[   +2 ms] file or directory '/root/.pub-cache/hosted/pub.dev/audioplayers_android-5.3.0/android/src/debug/java', not found
[   +2 ms] file or directory '/root/.pub-cache/hosted/pub.dev/audioplayers_android-5.3.0/android/src/debug/kotlin', not found
[   +2 ms] file or directory '/root/.pub-cache/hosted/pub.dev/audioplayers_android-5.3.0/android/src/debug/java', not found
[   +2 ms] file or directory '/root/.pub-cache/hosted/pub.dev/audioplayers_android-5.3.0/android/src/main/java', not found
[   +1 ms] file or directory '/root/.pub-cache/hosted/pub.dev/audioplayers_android-5.3.0/android/src/main/java', not found
[   +2 ms] file or directory '/root/.pub-cache/hosted/pub.dev/audioplayers_android-5.3.0/android/src/main/java', not found
[   +2 ms] file or directory '/root/.pub-cache/hosted/pub.dev/audioplayers_android-5.3.0/android/src/main/java', not found
[   +3 ms] file or directory '/root/.pub-cache/hosted/pub.dev/audioplayers_android-5.3.0/android/src/debug/java', not found
[   +2 ms] file or directory '/root/.pub-cache/hosted/pub.dev/audioplayers_android-5.3.0/android/src/debug/kotlin', not found
[   +3 ms] Kotlin source files: /root/.pub-cache/hosted/pub.dev/audioplayers_android-5.3.0/android/src/main/kotlin/xyz/luan/audioplayers/AudioContextAndroid.kt, /root/.pub-cache/hosted/pub.dev/audioplayers_android-5.3.0/android/src/main/kotlin/xyz/luan/audioplayers/player/FocusManager.kt, /root/.pub-cache/hosted/pub.dev/audioplayers_android-5.3.0/android/src/main/kotlin/xyz/luan/audioplayers/player/SoundPoolPlayer.kt, /root/.pub-cache/hosted/pub.dev/audioplayers_android-5.3.0/android/src/main/kotlin/xyz/luan/audioplayers/player/WrappedPlayer.kt, /root/.pub-cache/hosted/pub.dev/audioplayers_android-5.3.0/android/src/main/kotlin/xyz/luan/audioplayers/player/MediaPlayerWrapper.kt, /root/.pub-cache/hosted/pub.dev/audioplayers_android-5.3.0/android/src/main/kotlin/xyz/luan/audioplayers/player/PlayerWrapper.kt, /root/.pub-cache/hosted/pub.dev/audioplayers_android-5.3.0/android/src/main/kotlin/xyz/luan/audioplayers/AudioplayersPlugin.kt, /root/.pub-cache/hosted/pub.dev/audioplayers_android-5.3.0/android/src/main/kotlin/xyz/luan/audioplayers/source/Source.kt, /root/.pub-cache/hosted/pub.dev/audioplayers_android-5.3.0/android/src/main/kotlin/xyz/luan/audioplayers/source/BytesSource.kt, /root/.pub-cache/hosted/pub.dev/audioplayers_android-5.3.0/android/src/main/kotlin/xyz/luan/audioplayers/source/ByteDataSource.kt, /root/.pub-cache/hosted/pub.dev/audioplayers_android-5.3.0/android/src/main/kotlin/xyz/luan/audioplayers/source/UrlSource.kt, /root/.pub-cache/hosted/pub.dev/audioplayers_android-5.3.0/android/src/main/kotlin/xyz/luan/audioplayers/ReleaseMode.kt, /root/.pub-cache/hosted/pub.dev/audioplayers_android-5.3.0/android/src/main/kotlin/xyz/luan/audioplayers/PlayerMode.kt
[   +2 ms] Java source files: 
[   +2 ms] Script source files: 
[   +1 ms] Script file extensions: 
[  +57 ms] Using Kotlin/JVM incremental compilation
[ +102 ms] [KOTLIN] Kotlin compilation 'jdkHome' argument: null
[+1899 ms] Resolve mutations for :jni:packageDebugResources (Thread[#77,Execution worker,5,main]) started.
[   +4 ms] :jni:packageDebugResources (Thread[#77,Execution worker,5,main]) started.
[ +193 ms] > Task :jni:packageDebugResources
[   +3 ms] Caching disabled for task ':jni:packageDebugResources' because:
[   +1 ms]   Build cache is disabled
[   +5 ms] Task ':jni:packageDebugResources' is not up-to-date because:
[  +11 ms]   Output property 'dataBindingLayoutInfoOutFolder' file /data/data/com.termux/files/home/llano_music_app/build/jni/intermediates/data_binding_layout_info_type_package/debug/packageDebugResources/out has been removed.
[  +11 ms]   Output property 'generatedPngsOutputDir' file /data/data/com.termux/files/home/llano_music_app/build/jni/generated/res/pngs/debug has been removed.
[   +2 ms]   Output property 'incrementalFolder' file /data/data/com.termux/files/home/llano_music_app/build/jni/intermediates/incremental/debug/packageDebugResources has been removed.
[  +10 ms]   and more...
[   +4 ms] The input changes require a full rebuild for incremental task ':jni:packageDebugResources'.
[  +17 ms] [MergeResources] Inputs are non-incremental full task action.
[   +3 ms] work action resolve packageDebugResources (project :jni) (Thread[#77,Execution worker,5,main]) started.
[   +9 ms] Resolve mutations for :jni:parseDebugLocalResources (Thread[#77,Execution worker,5,main]) started.
[   +6 ms] :jni:parseDebugLocalResources (Thread[#81,Execution worker Thread 5,5,main]) started.
[  +15 ms] Resolve mutations for :jni:javaPreCompileDebug (Thread[#77,Execution worker,5,main]) started.
[   +5 ms] :jni:javaPreCompileDebug (Thread[#77,Execution worker,5,main]) started.
[ +117 ms] Resolve mutations for :jni_flutter:checkKotlinGradlePluginConfigurationErrors (Thread[#83,Execution worker Thread 7,5,main]) started.
[  +22 ms] :jni_flutter:checkKotlinGradlePluginConfigurationErrors (Thread[#83,Execution worker Thread 7,5,main]) started.
[  +24 ms] > Task :jni_flutter:checkKotlinGradlePluginConfigurationErrors SKIPPED
[  +19 ms] Skipping task ':jni_flutter:checkKotlinGradlePluginConfigurationErrors' as task onlyIf 'errorDiagnostics are present' is false.
[   +7 ms] Resolve mutations for :jni_flutter:generateDebugResources (Thread[#83,Execution worker Thread 7,5,main]) started.
[   +8 ms] :jni_flutter:generateDebugResources (Thread[#83,Execution worker Thread 7,5,main]) started.
[  +20 ms] > Task :jni:parseDebugLocalResources
[   +8 ms] Caching disabled for task ':jni:parseDebugLocalResources' because:
[   +7 ms]   Build cache is disabled
[   +7 ms] Task ':jni:parseDebugLocalResources' is not up-to-date because:
[   +3 ms]   Output property 'librarySymbolsFile' file /data/data/com.termux/files/home/llano_music_app/build/jni/intermediates/local_only_symbol_list/debug/parseDebugLocalResources/R-def.txt has been removed.
[   +6 ms] The input changes require a full rebuild for incremental task ':jni:parseDebugLocalResources'.
[   +7 ms] > Task :jni:javaPreCompileDebug
[   +4 ms] Caching disabled for task ':jni:javaPreCompileDebug' because:
[  +11 ms]   Build cache is disabled
[  +14 ms] Task ':jni:javaPreCompileDebug' is not up-to-date because:
[   +6 ms]   Output property 'annotationProcessorListFile' file /data/data/com.termux/files/home/llano_music_app/build/jni/intermediates/annotation_processor_list/debug/javaPreCompileDebug/annotationProcessors.json has been removed.
[  +25 ms] > Task :jni_flutter:generateDebugResources
[  +15 ms] Caching disabled for task ':jni_flutter:generateDebugResources' because:
[   +9 ms]   Build cache is disabled
[  +11 ms] Task ':jni_flutter:generateDebugResources' is not up-to-date because:
[  +11 ms]   Output property 'validationReportFile' file /data/data/com.termux/files/home/llano_music_app/build/jni_flutter/intermediates/nested_resources_validation_report/debug/generateDebugResources/nestedResourcesValidationReport.txt has been removed.
[   +5 ms] Resolve mutations for :jni:generateDebugRFile (Thread[#83,Execution worker Thread 7,5,main]) started.
[   +1 ms] :jni:generateDebugRFile (Thread[#83,Execution worker Thread 7,5,main]) started.
[  +18 ms] Resolve mutations for :jni_flutter:packageDebugResources (Thread[#82,Execution worker Thread 6,5,main]) started.
[  +96 ms] :jni_flutter:packageDebugResources (Thread[#82,Execution worker Thread 6,5,main]) started.
[ +109 ms] > Task :jni:generateDebugRFile
[   +3 ms] Caching disabled for task ':jni:generateDebugRFile' because:
[  +11 ms]   Build cache is disabled
[  +16 ms] Task ':jni:generateDebugRFile' is not up-to-date because:
[   +4 ms]   Output property 'RClassOutputJar' file /data/data/com.termux/files/home/llano_music_app/build/jni/intermediates/compile_r_class_jar/debug/generateDebugRFile/R.jar has been removed.
[   +3 ms]   Output property 'symbolsWithPackageNameOutputFile' file /data/data/com.termux/files/home/llano_music_app/build/jni/intermediates/symbol_list_with_package_name/debug/generateDebugRFile/package-aware-r.txt has been removed.
[   +2 ms]   Output property 'textSymbolOutputFileProperty' file /data/data/com.termux/files/home/llano_music_app/build/jni/intermediates/compile_symbol_list/debug/generateDebugRFile/R.txt has been removed.
[   +8 ms] The input changes require a full rebuild for incremental task ':jni:generateDebugRFile'.
[ +238 ms] > Task :jni_flutter:packageDebugResources
[   +3 ms] Caching disabled for task ':jni_flutter:packageDebugResources' because:
[   +3 ms]   Build cache is disabled
[   +3 ms] Task ':jni_flutter:packageDebugResources' is not up-to-date because:
[   +3 ms]   Output property 'dataBindingLayoutInfoOutFolder' file /data/data/com.termux/files/home/llano_music_app/build/jni_flutter/intermediates/data_binding_layout_info_type_package/debug/packageDebugResources/out has been removed.
[   +3 ms]   Output property 'generatedPngsOutputDir' file /data/data/com.termux/files/home/llano_music_app/build/jni_flutter/generated/res/pngs/debug has been removed.
[   +3 ms]   Output property 'incrementalFolder' file /data/data/com.termux/files/home/llano_music_app/build/jni_flutter/intermediates/incremental/debug/packageDebugResources has been removed.
[   +2 ms]   and more...
[   +4 ms] The input changes require a full rebuild for incremental task ':jni_flutter:packageDebugResources'.
[   +3 ms] [MergeResources] Inputs are non-incremental full task action.
[   +3 ms] work action resolve packageDebugResources (project :jni_flutter) (Thread[#82,Execution worker Thread 6,5,main]) started.
[  +62 ms] work action resolve package-aware-r.txt (project :jni) (Thread[#82,Execution worker Thread 6,5,main]) started.
[   +5 ms] Resolve mutations for :jni:compileDebugKotlin (Thread[#82,Execution worker Thread 6,5,main]) started.
[   +3 ms] :jni:compileDebugKotlin (Thread[#82,Execution worker Thread 6,5,main]) started.
[ +305 ms] > Task :jni:compileDebugKotlin NO-SOURCE
[   +4 ms] Skipping task ':jni:compileDebugKotlin' as it has no source files and no previous output files.
[   +3 ms] Resolve mutations for :jni:compileDebugJavaWithJavac (Thread[#82,Execution worker Thread 6,5,main]) started.
[   +3 ms] :jni:compileDebugJavaWithJavac (Thread[#82,Execution worker Thread 6,5,main]) started.
[+1975 ms] > Task :jni:compileDebugJavaWithJavac
[   +3 ms] Custom actions are attached to task ':jni:compileDebugJavaWithJavac'.
[   +3 ms] Caching disabled for task ':jni:compileDebugJavaWithJavac' because:
[   +4 ms]   Build cache is disabled
[   +3 ms] Task ':jni:compileDebugJavaWithJavac' is not up-to-date because:
[   +2 ms]   Output property 'destinationDirectory' file /data/data/com.termux/files/home/llano_music_app/build/jni/intermediates/javac/debug/compileDebugJavaWithJavac/classes has been removed.
[   +2 ms]   Output property 'destinationDirectory' file /data/data/com.termux/files/home/llano_music_app/build/jni/intermediates/javac/debug/compileDebugJavaWithJavac/classes/com has been removed.
[   +3 ms]   Output property 'destinationDirectory' file /data/data/com.termux/files/home/llano_music_app/build/jni/intermediates/javac/debug/compileDebugJavaWithJavac/classes/com/github has been removed.
[   +6 ms]   and more...
[   +3 ms] The input changes require a full rebuild for incremental task ':jni:compileDebugJavaWithJavac'.
[   +3 ms] Compilation mode: in-process compilation
[   +4 ms] Full recompilation is required because no incremental change information is available. This is usually caused by clean builds or changing compiler arguments.
[   +3 ms] Compiling with toolchain '/usr/lib/jvm/java-21-openjdk-arm64'.
[   +3 ms] file or directory '/root/.pub-cache/hosted/pub.dev/jni-1.0.0/android/src/debug/java', not found
[   +2 ms] Compiling with JDK Java compiler API.
[+167561 ms] Class dependency analysis for incremental compilation took 2.258 secs.
[ +586 ms] Created classpath snapshot for incremental compilation in 0.651 secs.
[ +499 ms] Resolve mutations for :jni:bundleLibCompileToJarDebug (Thread[#82,Execution worker Thread 6,5,main]) started.
[  +17 ms] :jni:bundleLibCompileToJarDebug (Thread[#82,Execution worker Thread 6,5,main]) started.
[ +496 ms] Resolve mutations for :jni_flutter:parseDebugLocalResources (Thread[#83,Execution worker Thread 7,5,main]) started.
[   +4 ms] :jni_flutter:parseDebugLocalResources (Thread[#83,Execution worker Thread 7,5,main]) started.
[ +379 ms] Resolve mutations for :jni_flutter:javaPreCompileDebug (Thread[#78,Execution worker Thread 2,5,main]) started.
[   +3 ms] :jni_flutter:javaPreCompileDebug (Thread[#78,Execution worker Thread 2,5,main]) started.
[  +96 ms] Resolve mutations for :app:javaPreCompileDebug (Thread[#153,included builds Thread 2,5,main]) started.
[   +2 ms] :app:javaPreCompileDebug (Thread[#153,included builds Thread 2,5,main]) started.
[   +3 ms] > Task :jni_flutter:parseDebugLocalResources
[   +3 ms] Caching disabled for task ':jni_flutter:parseDebugLocalResources' because:
[   +2 ms]   Build cache is disabled
[   +7 ms] Task ':jni_flutter:parseDebugLocalResources' is not up-to-date because:
[   +4 ms]   Output property 'librarySymbolsFile' file /data/data/com.termux/files/home/llano_music_app/build/jni_flutter/intermediates/local_only_symbol_list/debug/parseDebugLocalResources/R-def.txt has been removed.
[   +3 ms] The input changes require a full rebuild for incremental task ':jni_flutter:parseDebugLocalResources'.
[   +7 ms] > Task :jni_flutter:javaPreCompileDebug
[   +3 ms] Caching disabled for task ':jni_flutter:javaPreCompileDebug' because:
[   +2 ms]   Build cache is disabled
[   +2 ms] Task ':jni_flutter:javaPreCompileDebug' is not up-to-date because:
[   +3 ms]   Output property 'annotationProcessorListFile' file /data/data/com.termux/files/home/llano_music_app/build/jni_flutter/intermediates/annotation_processor_list/debug/javaPreCompileDebug/annotationProcessors.json has been removed.
[  +52 ms] Resolve mutations for :jni_flutter:generateDebugRFile (Thread[#83,Execution worker Thread 7,5,main]) started.
[   +7 ms] :jni_flutter:generateDebugRFile (Thread[#77,Execution worker,5,main]) started.
[  +94 ms] > Task :jni:bundleLibCompileToJarDebug
[   +3 ms] Caching disabled for task ':jni:bundleLibCompileToJarDebug' because:
[   +3 ms]   Build cache is disabled
[   +7 ms]   Simple merging task
[   +5 ms] Task ':jni:bundleLibCompileToJarDebug' is not up-to-date because:
[   +2 ms]   Output property 'output' file /data/data/com.termux/files/home/llano_music_app/build/jni/intermediates/compile_library_classes_jar/debug/bundleLibCompileToJarDebug/classes.jar has been removed.
[  +16 ms] > Task :app:javaPreCompileDebug
[   +9 ms] Caching disabled for task ':app:javaPreCompileDebug' because:
[   +4 ms]   Build cache is disabled
[   +2 ms] Task ':app:javaPreCompileDebug' is not up-to-date because:
[   +5 ms]   Output property 'annotationProcessorListFile' file /data/data/com.termux/files/home/llano_music_app/build/app/intermediates/annotation_processor_list/debug/javaPreCompileDebug/annotationProcessors.json has been removed.
[  +43 ms] work action resolve classes.jar (project :jni) (Thread[#153,included builds Thread 2,5,main]) started.
[  +97 ms] Resolve mutations for :app:compressDebugAssets (Thread[#78,Execution worker Thread 2,5,main]) started.
[   +2 ms] :app:compressDebugAssets (Thread[#78,Execution worker Thread 2,5,main]) started.
[  +96 ms] > Task :jni_flutter:generateDebugRFile
[   +3 ms] Caching disabled for task ':jni_flutter:generateDebugRFile' because:
[   +2 ms]   Build cache is disabled
[   +2 ms] Task ':jni_flutter:generateDebugRFile' is not up-to-date because:
[   +2 ms]   Output property 'RClassOutputJar' file /data/data/com.termux/files/home/llano_music_app/build/jni_flutter/intermediates/compile_r_class_jar/debug/generateDebugRFile/R.jar has been removed.
[  +10 ms]   Output property 'symbolsWithPackageNameOutputFile' file /data/data/com.termux/files/home/llano_music_app/build/jni_flutter/intermediates/symbol_list_with_package_name/debug/generateDebugRFile/package-aware-r.txt has been removed.
[   +2 ms]   Output property 'textSymbolOutputFileProperty' file /data/data/com.termux/files/home/llano_music_app/build/jni_flutter/intermediates/compile_symbol_list/debug/generateDebugRFile/R.txt has been removed.
[   +2 ms] The input changes require a full rebuild for incremental task ':jni_flutter:generateDebugRFile'.
[   +2 ms] work action resolve package-aware-r.txt (project :jni_flutter) (Thread[#77,Execution worker,5,main]) started.
[   +4 ms] Resolve mutations for :jni_flutter:compileDebugKotlin (Thread[#77,Execution worker,5,main]) started.
[   +5 ms] :jni_flutter:compileDebugKotlin (Thread[#77,Execution worker,5,main]) started.
[ +155 ms] > Task :audioplayers_android:compileDebugKotlin
[   +4 ms] i: cannot connect to registry: Connection refused
[  +12 ms] i: starting the daemon as: /usr/lib/jvm/java-21-openjdk-arm64/bin/java -cp /root/.gradle/caches/modules-2/files-2.1/org.jetbrains.kotlin/kotlin-build-tools-compat/2.3.20/649d59d16f0dc2427cc900a8b003496ad39aaa33/kotlin-build-tools-compat-2.3.20.jar:/root/.gradle/caches/modules-2/files-2.1/org.jetbrains.kotlin/kotlin-build-tools-impl/2.3.20/90a14213a621db275bf64e605e6c849d482656be/kotlin-build-tools-impl-2.3.20.jar:/root/.gradle/caches/modules-2/files-2.1/org.jetbrains.kotlin/kotlin-tooling-core/2.3.20/7a050c09910ee587944bc2a7413e2d97d751f647/kotlin-tooling-core-2.3.20.jar:/root/.gradle/caches/modules-2/files-2.1/org.jetbrains.kotlin/kotlin-build-tools-cri-impl/2.3.20/52abdf3a26f3f71b94b90b45ad54f6a64610dcba/kotlin-build-tools-cri-impl-2.3.20.jar:/root/.gradle/caches/modules-2/files-2.1/org.jetbrains.kotlin/kotlin-build-tools-api/2.3.20/9d10b958f69ea67132d24ce9c759cf60465f29a5/kotlin-build-tools-api-2.3.20.jar:/root/.gradle/caches/modules-2/files-2.1/org.jetbrains.kotlin/kotlin-compiler-runner/2.3.20/11f74384a212c68bb6eb18ab6cd2cdf6354901b8/kotlin-compiler-runner-2.3.20.jar:/root/.gradle/caches/modules-2/files-2.1/org.jetbrains.kotlin/kotlin-compiler-embeddable/2.3.20/2fac4210c52c27b244305d60b0906e831f49be/kotlin-compiler-embeddable-2.3.20.jar:/root/.gradle/caches/modules-2/files-2.1/org.jetbrains.kotlin/kotlin-daemon-client/2.3.20/d1f3f5c2efb2ed264dd3dfaf3ae8a581cbf47138/kotlin-daemon-client-2.3.20.jar:/root/.gradle/caches/modules-2/files-2.1/org.jetbrains.kotlin/kotlin-stdlib/2.3.20/ed866de74ad3d49086a27bbd75952cd186479436/kotlin-stdlib-2.3.20.jar:/root/.gradle/caches/modules-2/files-2.1/org.jetbrains/annotations/13.0/919f0dfe192fb4e063e7dacadee7f8bb9a2672a9/annotations-13.0.jar:/root/.gradle/caches/modules-2/files-2.1/org.jetbrains.kotlin/kotlin-script-runtime/2.3.20/4831ca1fea87f25bf39891ff56327b23b18c9bfa/kotlin-script-runtime-2.3.20.jar:/root/.gradle/caches/modules-2/files-2.1/org.jetbrains.kotlin/kotlin-reflect/1.6.10/1cbe9c92c12a94eea200d23c2bbaedaf3daf5132/kotlin-reflect-1.6.10.jar:/root/.gradle/caches/modules-2/files-2.1/org.jetbrains.kotlin/kotlin-daemon-embeddable/2.3.20/92a638246f2a388e2ccf43784623b1c685c93ab8/kotlin-daemon-embeddable-2.3.20.jar:/root/.gradle/caches/modules-2/files-2.1/org.jetbrains.kotlinx/kotlinx-coroutines-core-jvm/1.8.0/ac1dc37a30a93150b704022f8d895ee1bd3a36b3/kotlinx-coroutines-core-jvm-1.8.0.jar -Djava.awt.headless=true -Djava.rmi.server.hostname=127.0.0.1 -Xmx8G -XX:MaxMetaspaceSize=4G -XX:ReservedCodeCacheSize=512m -Dkotlin.environment.keepalive -ea -Dkotlin.daemon.custom.run.files.path.for.tests=/root/.kotlin/daemon -XX:+UseCodeCacheFlushing -XX:+UseParallelGC -Dkotlin.daemon.initiator.marker.file=/tmp/kotlin-compiler-client-9757354927310325669-is-running --add-exports java.base/sun.nio.ch=ALL-UNNAMED org.jetbrains.kotlin.daemon.KotlinCompileDaemon --daemon-runFilesPath /root/.kotlin/daemon --daemon-autoshutdownIdleSeconds=7200 --daemon-compilerClasspath /root/.gradle/caches/modules-2/files-2.1/org.jetbrains.kotlin/kotlin-build-tools-compat/2.3.20/649d59d16f0dc2427cc900a8b003496ad39aaa33/kotlin-build-tools-compat-2.3.20.jar:/root/.gradle/caches/modules-2/files-2.1/org.jetbrains.kotlin/kotlin-build-tools-impl/2.3.20/90a14213a621db275bf64e605e6c849d482656be/kotlin-build-tools-impl-2.3.20.jar:/root/.gradle/caches/modules-2/files-2.1/org.jetbrains.kotlin/kotlin-tooling-core/2.3.20/7a050c09910ee587944bc2a7413e2d97d751f647/kotlin-tooling-core-2.3.20.jar:/root/.gradle/caches/modules-2/files-2.1/org.jetbrains.kotlin/kotlin-build-tools-cri-impl/2.3.20/52abdf3a26f3f71b94b90b45ad54f6a64610dcba/kotlin-build-tools-cri-impl-2.3.20.jar:/root/.gradle/caches/modules-2/files-2.1/org.jetbrains.kotlin/kotlin-build-tools-api/2.3.20/9d10b958f69ea67132d24ce9c759cf60465f29a5/kotlin-build-tools-api-2.3.20.jar:/root/.gradle/caches/modules-2/files-2.1/org.jetbrains.kotlin/kotlin-compiler-runner/2.3.20/11f74384a212c68bb6eb18ab6cd2cdf6354901b8/kotlin-compiler-runner-2.3.20.jar:/root/.gradle/caches/modules-2/files-2.1/org.jetbrains.kotlin/kotlin-compiler-embeddable/2.3.20/2fac4210c52c27b244305d60b0906e831f49be/kotlin-compiler-embeddable-2.3.20.jar:/root/.gradle/caches/modules-2/files-2.1/org.jetbrains.kotlin/kotlin-daemon-client/2.3.20/d1f3f5c2efb2ed264dd3dfaf3ae8a581cbf47138/kotlin-daemon-client-2.3.20.jar:/root/.gradle/caches/modules-2/files-2.1/org.jetbrains.kotlin/kotlin-stdlib/2.3.20/ed866de74ad3d49086a27bbd75952cd186479436/kotlin-stdlib-2.3.20.jar:/root/.gradle/caches/modules-2/files-2.1/org.jetbrains/annotations/13.0/919f0dfe192fb4e063e7dacadee7f8bb9a2672a9/annotations-13.0.jar:/root/.gradle/caches/modules-2/files-2.1/org.jetbrains.kotlin/kotlin-script-runtime/2.3.20/4831ca1fea87f25bf39891ff56327b23b18c9bfa/kotlin-script-runtime-2.3.20.jar:/root/.gradle/caches/modules-2/files-2.1/org.jetbrains.kotlin/kotlin-reflect/1.6.10/1cbe9c92c12a94eea200d23c2bbaedaf3daf5132/kotlin-reflect-1.6.10.jar:/root/.gradle/caches/modules-2/files-2.1/org.jetbrains.kotlin/kotlin-daemon-embeddable/2.3.20/92a638246f2a388e2ccf43784623b1c685c93ab8/kotlin-daemon-embeddable-2.3.20.jar:/root/.gradle/caches/modules-2/files-2.1/org.jetbrains.kotlinx/kotlinx-coroutines-core-jvm/1.8.0/ac1dc37a30a93150b704022f8d895ee1bd3a36b3/kotlinx-coroutines-core-jvm-1.8.0.jar
[   +7 ms] i: Unable to get response from daemon in 10000 ms
[   +9 ms] i: #1 retrying connecting to the daemon 
[  +11 ms] i: starting the daemon as: /usr/lib/jvm/java-21-openjdk-arm64/bin/java -cp /root/.gradle/caches/modules-2/files-2.1/org.jetbrains.kotlin/kotlin-build-tools-compat/2.3.20/649d59d16f0dc2427cc900a8b003496ad39aaa33/kotlin-build-tools-compat-2.3.20.jar:/root/.gradle/caches/modules-2/files-2.1/org.jetbrains.kotlin/kotlin-build-tools-impl/2.3.20/90a14213a621db275bf64e605e6c849d482656be/kotlin-build-tools-impl-2.3.20.jar:/root/.gradle/caches/modules-2/files-2.1/org.jetbrains.kotlin/kotlin-tooling-core/2.3.20/7a050c09910ee587944bc2a7413e2d97d751f647/kotlin-tooling-core-2.3.20.jar:/root/.gradle/caches/modules-2/files-2.1/org.jetbrains.kotlin/kotlin-build-tools-cri-impl/2.3.20/52abdf3a26f3f71b94b90b45ad54f6a64610dcba/kotlin-build-tools-cri-impl-2.3.20.jar:/root/.gradle/caches/modules-2/files-2.1/org.jetbrains.kotlin/kotlin-build-tools-api/2.3.20/9d10b958f69ea67132d24ce9c759cf60465f29a5/kotlin-build-tools-api-2.3.20.jar:/root/.gradle/caches/modules-2/files-2.1/org.jetbrains.kotlin/kotlin-compiler-runner/2.3.20/11f74384a212c68bb6eb18ab6cd2cdf6354901b8/kotlin-compiler-runner-2.3.20.jar:/root/.gradle/caches/modules-2/files-2.1/org.jetbrains.kotlin/kotlin-compiler-embeddable/2.3.20/2fac4210c52c27b244305d60b0906e831f49be/kotlin-compiler-embeddable-2.3.20.jar:/root/.gradle/caches/modules-2/files-2.1/org.jetbrains.kotlin/kotlin-daemon-client/2.3.20/d1f3f5c2efb2ed264dd3dfaf3ae8a581cbf47138/kotlin-daemon-client-2.3.20.jar:/root/.gradle/caches/modules-2/files-2.1/org.jetbrains.kotlin/kotlin-stdlib/2.3.20/ed866de74ad3d49086a27bbd75952cd186479436/kotlin-stdlib-2.3.20.jar:/root/.gradle/caches/modules-2/files-2.1/org.jetbrains/annotations/13.0/919f0dfe192fb4e063e7dacadee7f8bb9a2672a9/annotations-13.0.jar:/root/.gradle/caches/modules-2/files-2.1/org.jetbrains.kotlin/kotlin-script-runtime/2.3.20/4831ca1fea87f25bf39891ff56327b23b18c9bfa/kotlin-script-runtime-2.3.20.jar:/root/.gradle/caches/modules-2/files-2.1/org.jetbrains.kotlin/kotlin-reflect/1.6.10/1cbe9c92c12a94eea200d23c2bbaedaf3daf5132/kotlin-reflect-1.6.10.jar:/root/.gradle/caches/modules-2/files-2.1/org.jetbrains.kotlin/kotlin-daemon-embeddable/2.3.20/92a638246f2a388e2ccf43784623b1c685c93ab8/kotlin-daemon-embeddable-2.3.20.jar:/root/.gradle/caches/modules-2/files-2.1/org.jetbrains.kotlinx/kotlinx-coroutines-core-jvm/1.8.0/ac1dc37a30a93150b704022f8d895ee1bd3a36b3/kotlinx-coroutines-core-jvm-1.8.0.jar -Djava.awt.headless=true -Djava.rmi.server.hostname=127.0.0.1 -Xmx8G -XX:MaxMetaspaceSize=4G -XX:ReservedCodeCacheSize=512m -Dkotlin.environment.keepalive -ea -Dkotlin.daemon.custom.run.files.path.for.tests=/root/.kotlin/daemon -XX:+UseCodeCacheFlushing -XX:+UseParallelGC -Dkotlin.daemon.initiator.marker.file=/tmp/kotlin-compiler-client-9757354927310325669-is-running --add-exports java.base/sun.nio.ch=ALL-UNNAMED org.jetbrains.kotlin.daemon.KotlinCompileDaemon --daemon-runFilesPath /root/.kotlin/daemon --daemon-autoshutdownIdleSeconds=7200 --daemon-compilerClasspath /root/.gradle/caches/modules-2/files-2.1/org.jetbrains.kotlin/kotlin-build-tools-compat/2.3.20/649d59d16f0dc2427cc900a8b003496ad39aaa33/kotlin-build-tools-compat-2.3.20.jar:/root/.gradle/caches/modules-2/files-2.1/org.jetbrains.kotlin/kotlin-build-tools-impl/2.3.20/90a14213a621db275bf64e605e6c849d482656be/kotlin-build-tools-impl-2.3.20.jar:/root/.gradle/caches/modules-2/files-2.1/org.jetbrains.kotlin/kotlin-tooling-core/2.3.20/7a050c09910ee587944bc2a7413e2d97d751f647/kotlin-tooling-core-2.3.20.jar:/root/.gradle/caches/modules-2/files-2.1/org.jetbrains.kotlin/kotlin-build-tools-cri-impl/2.3.20/52abdf3a26f3f71b94b90b45ad54f6a64610dcba/kotlin-build-tools-cri-impl-2.3.20.jar:/root/.gradle/caches/modules-2/files-2.1/org.jetbrains.kotlin/kotlin-build-tools-api/2.3.20/9d10b958f69ea67132d24ce9c759cf60465f29a5/kotlin-build-tools-api-2.3.20.jar:/root/.gradle/caches/modules-2/files-2.1/org.jetbrains.kotlin/kotlin-compiler-runner/2.3.20/11f74384a212c68bb6eb18ab6cd2cdf6354901b8/kotlin-compiler-runner-2.3.20.jar:/root/.gradle/caches/modules-2/files-2.1/org.jetbrains.kotlin/kotlin-compiler-embeddable/2.3.20/2fac4210c52c27b244305d60b0906e831f49be/kotlin-compiler-embeddable-2.3.20.jar:/root/.gradle/caches/modules-2/files-2.1/org.jetbrains.kotlin/kotlin-daemon-client/2.3.20/d1f3f5c2efb2ed264dd3dfaf3ae8a581cbf47138/kotlin-daemon-client-2.3.20.jar:/root/.gradle/caches/modules-2/files-2.1/org.jetbrains.kotlin/kotlin-stdlib/2.3.20/ed866de74ad3d49086a27bbd75952cd186479436/kotlin-stdlib-2.3.20.jar:/root/.gradle/caches/modules-2/files-2.1/org.jetbrains/annotations/13.0/919f0dfe192fb4e063e7dacadee7f8bb9a2672a9/annotations-13.0.jar:/root/.gradle/caches/modules-2/files-2.1/org.jetbrains.kotlin/kotlin-script-runtime/2.3.20/4831ca1fea87f25bf39891ff56327b23b18c9bfa/kotlin-script-runtime-2.3.20.jar:/root/.gradle/caches/modules-2/files-2.1/org.jetbrains.kotlin/kotlin-reflect/1.6.10/1cbe9c92c12a94eea200d23c2bbaedaf3daf5132/kotlin-reflect-1.6.10.jar:/root/.gradle/caches/modules-2/files-2.1/org.jetbrains.kotlin/kotlin-daemon-embeddable/2.3.20/92a638246f2a388e2ccf43784623b1c685c93ab8/kotlin-daemon-embeddable-2.3.20.jar:/root/.gradle/caches/modules-2/files-2.1/org.jetbrains.kotlinx/kotlinx-coroutines-core-jvm/1.8.0/ac1dc37a30a93150b704022f8d895ee1bd3a36b3/kotlinx-coroutines-core-jvm-1.8.0.jar
[   +4 ms] i: #2 retrying connecting to the daemon 
[   +6 ms] i: Options for KOTLIN DAEMON: IncrementalCompilationOptions(super=CompilationOptions(compilerMode=INCREMENTAL_COMPILER, targetPlatform=JVM, reportCategories=[0], reportSeverity=2, requestedCompilationResults=[0], kotlinScriptExtensions=[], generateCompilerRefIndex=false), sourceChanges=org.jetbrains.kotlin.buildtools.api.SourcesChanges$Unknown@b10a7b0, classpathChanges=NotAvailableDueToMissingClasspathSnapshot, workingDir=/data/data/com.termux/files/home/llano_music_app/build/audioplayers_android/kotlin/compileDebugKotlin/cacheable, multiModuleICSettings=null, icFeatures=IncrementalCompilationFeatures(usePreciseJavaTracking=true, withAbiSnapshot=false, preciseCompilationResultsBackup=true, keepIncrementalCompilationCachesInMemory=true, enableUnsafeIncrementalCompilationForMultiplatform=false, enableMonotonousIncrementalCompileSetExpansion=true), outputFiles=[/data/data/com.termux/files/home/llano_music_app/build/audioplayers_android/tmp/kotlin-classes/debug, /data/data/com.termux/files/home/llano_music_app/build/audioplayers_android/kotlin/compileDebugKotlin/cacheable, /data/data/com.termux/files/home/llano_music_app/build/audioplayers_android/kotlin/compileDebugKotlin/local-state])
[ +350 ms] > Task :jni_flutter:compileDebugKotlin NO-SOURCE
[   +5 ms] Skipping task ':jni_flutter:compileDebugKotlin' as it has no source files and no previous output files.
[   +5 ms] Resolve mutations for :jni_flutter:compileDebugJavaWithJavac (Thread[#77,Execution worker,5,main]) started.
[   +3 ms] :jni_flutter:compileDebugJavaWithJavac (Thread[#77,Execution worker,5,main]) started.
[+1283 ms] > Task :app:compressDebugAssets
[   +2 ms] Caching disabled for task ':app:compressDebugAssets' because:
[   +3 ms]   Build cache is disabled
[   +2 ms] Task ':app:compressDebugAssets' is not up-to-date because:
[   +2 ms]   Output property 'outputDir' file /data/data/com.termux/files/home/llano_music_app/build/app/intermediates/compressed_assets/debug/compressDebugAssets/out has been removed.
[   +5 ms]   Output property 'outputDir' file /data/data/com.termux/files/home/llano_music_app/build/app/intermediates/compressed_assets/debug/compressDebugAssets/out/assets has been removed.
[   +4 ms]   Output property 'outputDir' file /data/data/com.termux/files/home/llano_music_app/build/app/intermediates/compressed_assets/debug/compressDebugAssets/out/assets/flutter_assets has been removed.
[   +4 ms]   and more...
[   +7 ms] The input changes require a full rebuild for incremental task ':app:compressDebugAssets'.
[+1766 ms] > Task :jni_flutter:compileDebugJavaWithJavac
[   +4 ms] Custom actions are attached to task ':jni_flutter:compileDebugJavaWithJavac'.
[   +4 ms] Caching disabled for task ':jni_flutter:compileDebugJavaWithJavac' because:
[   +2 ms]   Build cache is disabled
[   +3 ms] Task ':jni_flutter:compileDebugJavaWithJavac' is not up-to-date because:
[   +4 ms]   Output property 'destinationDirectory' file /data/data/com.termux/files/home/llano_music_app/build/jni_flutter/intermediates/javac/debug/compileDebugJavaWithJavac/classes has been removed.
[   +3 ms]   Output property 'destinationDirectory' file /data/data/com.termux/files/home/llano_music_app/build/jni_flutter/intermediates/javac/debug/compileDebugJavaWithJavac/classes/com has been removed.
[   +2 ms]   Output property 'destinationDirectory' file /data/data/com.termux/files/home/llano_music_app/build/jni_flutter/intermediates/javac/debug/compileDebugJavaWithJavac/classes/com/github has been removed.
[   +2 ms]   and more...
[   +2 ms] The input changes require a full rebuild for incremental task ':jni_flutter:compileDebugJavaWithJavac'.
[   +3 ms] Compilation mode: in-process compilation
[   +3 ms] Full recompilation is required because no incremental change information is available. This is usually caused by clean builds or changing compiler arguments.
[   +3 ms] Compiling with toolchain '/usr/lib/jvm/java-21-openjdk-arm64'.
[   +6 ms] file or directory '/root/.pub-cache/hosted/pub.dev/jni_flutter-1.0.1/android/src/debug/java', not found
[   +4 ms] Compiling with JDK Java compiler API.
[  +44 ms] Class dependency analysis for incremental compilation took 0.04 secs.
[ +103 ms] Created classpath snapshot for incremental compilation in 0.056 secs.
[  +96 ms] Resolve mutations for :jni_flutter:bundleLibCompileToJarDebug (Thread[#77,Execution worker,5,main]) started.
[   +4 ms] :jni_flutter:bundleLibCompileToJarDebug (Thread[#77,Execution worker,5,main]) started.
[  +96 ms] Resolve mutations for :jni_flutter:bundleLibRuntimeToJarDebug (Thread[#82,Execution worker Thread 6,5,main]) started.
[   +4 ms] :jni_flutter:bundleLibRuntimeToJarDebug (Thread[#153,included builds Thread 2,5,main]) started.
[   +3 ms] > Task :jni_flutter:bundleLibCompileToJarDebug
[   +3 ms] Caching disabled for task ':jni_flutter:bundleLibCompileToJarDebug' because:
[   +3 ms]   Build cache is disabled
[   +2 ms]   Simple merging task
[   +3 ms] Task ':jni_flutter:bundleLibCompileToJarDebug' is not up-to-date because:
[   +3 ms]   Output property 'output' file /data/data/com.termux/files/home/llano_music_app/build/jni_flutter/intermediates/compile_library_classes_jar/debug/bundleLibCompileToJarDebug/classes.jar has been removed.
[   +3 ms] Resolve mutations for :jni:bundleLibRuntimeToJarDebug (Thread[#82,Execution worker Thread 6,5,main]) started.
[   +2 ms] work action resolve classes.jar (project :jni_flutter) (Thread[#82,Execution worker Thread 6,5,main]) started.
[   +4 ms] :jni:bundleLibRuntimeToJarDebug (Thread[#82,Execution worker Thread 6,5,main]) started.
[  +67 ms] > Task :jni_flutter:bundleLibRuntimeToJarDebug
[   +2 ms] Caching disabled for task ':jni_flutter:bundleLibRuntimeToJarDebug' because:
[   +3 ms]   Build cache is disabled
[   +5 ms]   Simple merging task
[   +3 ms] Task ':jni_flutter:bundleLibRuntimeToJarDebug' is not up-to-date because:
[   +2 ms]   Output property 'output' file /data/data/com.termux/files/home/llano_music_app/build/jni_flutter/intermediates/runtime_library_classes_jar/debug/bundleLibRuntimeToJarDebug/classes.jar has been removed.
[   +3 ms] work action resolve classes.jar (project :jni_flutter) (Thread[#153,included builds Thread 2,5,main]) started.
[   +2 ms] IdentityTransform (Thread[#153,included builds Thread 2,5,main]) started.
[   +2 ms] Resolve mutations for :app:desugarDebugFileDependencies (Thread[#80,Execution worker Thread 4,5,main]) started.
[   +3 ms] :app:desugarDebugFileDependencies (Thread[#80,Execution worker Thread 4,5,main]) started.
[   +2 ms] DexingNoClasspathTransform (Thread[#153,included builds Thread 2,5,main]) started.
[  +70 ms] > Task :jni:bundleLibRuntimeToJarDebug
[   +2 ms] Caching disabled for task ':jni:bundleLibRuntimeToJarDebug' because:
[   +2 ms]   Build cache is disabled
[   +4 ms]   Simple merging task
[   +3 ms] Task ':jni:bundleLibRuntimeToJarDebug' is not up-to-date because:
[   +2 ms]   Output property 'output' file /data/data/com.termux/files/home/llano_music_app/build/jni/intermediates/runtime_library_classes_jar/debug/bundleLibRuntimeToJarDebug/classes.jar has been removed.
[   +3 ms] > Task :app:desugarDebugFileDependencies
[   +4 ms] Caching disabled for task ':app:desugarDebugFileDependencies' because:
[   +3 ms]   Build cache is disabled
[   +3 ms] Task ':app:desugarDebugFileDependencies' is not up-to-date because:
[   +3 ms]   Output property 'outputDirectory' file /data/data/com.termux/files/home/llano_music_app/build/app/intermediates/external_file_lib_dex_archives/debug/desugarDebugFileDependencies has been removed.
[   +3 ms]   Output property 'outputGlobalSynthetics' file /data/data/com.termux/files/home/llano_music_app/build/app/intermediates/global_synthetics_file_lib/debug/desugarDebugFileDependencies has been removed.
[   +2 ms] work action resolve classes.jar (project :jni) (Thread[#80,Execution worker Thread 4,5,main]) started.
[   +4 ms] IdentityTransform (Thread[#80,Execution worker Thread 4,5,main]) started.
[   +3 ms] Resolve mutations for :audioplayers_android:writeDebugAarMetadata (Thread[#77,Execution worker,5,main]) started.
[   +4 ms] :audioplayers_android:writeDebugAarMetadata (Thread[#77,Execution worker,5,main]) started.
[   +3 ms] DexingNoClasspathTransform (Thread[#80,Execution worker Thread 4,5,main]) started.
[  +40 ms] Resolve mutations for :jni:writeDebugAarMetadata (Thread[#82,Execution worker Thread 6,5,main]) started.
[   +2 ms] :jni:writeDebugAarMetadata (Thread[#82,Execution worker Thread 6,5,main]) started.
[   +3 ms] > Task :audioplayers_android:writeDebugAarMetadata
[   +2 ms] Caching disabled for task ':audioplayers_android:writeDebugAarMetadata' because:
[   +2 ms]   Build cache is disabled
[   +2 ms]   Caching has been disabled for the task
[   +2 ms] Task ':audioplayers_android:writeDebugAarMetadata' is not up-to-date because:
[   +2 ms]   Output property 'output' file /data/data/com.termux/files/home/llano_music_app/build/audioplayers_android/intermediates/aar_metadata/debug/writeDebugAarMetadata/aar-metadata.properties has been removed.
[   +2 ms] work action resolve aar-metadata.properties (project :audioplayers_android) (Thread[#77,Execution worker,5,main]) started.
[   +2 ms] Resolve mutations for :jni_flutter:writeDebugAarMetadata (Thread[#77,Execution worker,5,main]) started.
[   +2 ms] :jni_flutter:writeDebugAarMetadata (Thread[#77,Execution worker,5,main]) started.
[  +84 ms] > Task :jni:writeDebugAarMetadata
[   +3 ms] Caching disabled for task ':jni:writeDebugAarMetadata' because:
[   +6 ms]   Build cache is disabled
[   +5 ms]   Caching has been disabled for the task
[   +3 ms] Task ':jni:writeDebugAarMetadata' is not up-to-date because:
[   +3 ms]   Output property 'output' file /data/data/com.termux/files/home/llano_music_app/build/jni/intermediates/aar_metadata/debug/writeDebugAarMetadata/aar-metadata.properties has been removed.
[   +3 ms] work action resolve aar-metadata.properties (project :jni) (Thread[#82,Execution worker Thread 6,5,main]) started.
[   +2 ms] Resolve mutations for :app:compileDebugNavigationResources (Thread[#82,Execution worker Thread 6,5,main]) started.
[   +3 ms] :app:compileDebugNavigationResources (Thread[#82,Execution worker Thread 6,5,main]) started.
[   +8 ms] > Task :jni_flutter:writeDebugAarMetadata
[   +5 ms] Caching disabled for task ':jni_flutter:writeDebugAarMetadata' because:
[   +3 ms]   Build cache is disabled
[   +2 ms]   Caching has been disabled for the task
[   +2 ms] Task ':jni_flutter:writeDebugAarMetadata' is not up-to-date because:
[   +2 ms]   Output property 'output' file /data/data/com.termux/files/home/llano_music_app/build/jni_flutter/intermediates/aar_metadata/debug/writeDebugAarMetadata/aar-metadata.properties has been removed.
[ +163 ms] work action resolve aar-metadata.properties (project :jni_flutter) (Thread[#77,Execution worker,5,main]) started.
[   +2 ms] Resolve mutations for :app:checkDebugAarMetadata (Thread[#77,Execution worker,5,main]) started.
[   +3 ms] :app:checkDebugAarMetadata (Thread[#77,Execution worker,5,main]) started.
[  +68 ms] > Task :app:compileDebugNavigationResources
[   +3 ms] Caching disabled for task ':app:compileDebugNavigationResources' because:
[   +5 ms]   Build cache is disabled
[   +2 ms] Task ':app:compileDebugNavigationResources' is not up-to-date because:
[   +3 ms]   Output property 'outputDir' file /data/data/com.termux/files/home/llano_music_app/build/app/intermediates/compiled_navigation_res/debug/compileDebugNavigationResources has been removed.
[   +2 ms] The input changes require a full rebuild for incremental task ':app:compileDebugNavigationResources'.
[ +404 ms] Resolve mutations for :app:mapDebugSourceSetPaths (Thread[#78,Execution worker Thread 2,5,main]) started.
[   +3 ms] :app:mapDebugSourceSetPaths (Thread[#83,Execution worker Thread 7,5,main]) started.
[ +226 ms] > Task :app:checkDebugAarMetadata
[   +2 ms] Caching disabled for task ':app:checkDebugAarMetadata' because:
[   +2 ms]   Build cache is disabled
[   +3 ms]   Caching has been disabled for the task
[   +2 ms] Task ':app:checkDebugAarMetadata' is not up-to-date because:
[   +2 ms]   Output property 'dummyOutputDirectory' file /data/data/com.termux/files/home/llano_music_app/build/app/intermediates/aar_metadata_check/debug/checkDebugAarMetadata has been removed.
[ +131 ms] > Task :app:mapDebugSourceSetPaths
[   +3 ms] Caching disabled for task ':app:mapDebugSourceSetPaths' because:
[   +2 ms]   Build cache is disabled
[   +3 ms]   Caching has been disabled for the task
[   +3 ms] Task ':app:mapDebugSourceSetPaths' is not up-to-date because:
[   +4 ms]   Output property 'filepathMappingFile' file /data/data/com.termux/files/home/llano_music_app/build/app/intermediates/android_res_source_set_path_map/debug/mapDebugSourceSetPaths/file-map.txt has been removed.
[   +7 ms] Resolve mutations for :app:mergeDebugResources (Thread[#83,Execution worker Thread 7,5,main]) started.
[   +3 ms] :app:mergeDebugResources (Thread[#83,Execution worker Thread 7,5,main]) started.
[ +571 ms] > Transform classes.jar (project :jni_flutter) with DexingNoClasspathTransform
[   +3 ms] Caching disabled for DexingNoClasspathTransform: /data/data/com.termux/files/home/llano_music_app/build/jni_flutter/intermediates/runtime_library_classes_jar/debug/bundleLibRuntimeToJarDebug/classes.jar because:
[   +2 ms]   Build cache is disabled
[   +5 ms] DexingNoClasspathTransform: /data/data/com.termux/files/home/llano_music_app/build/jni_flutter/intermediates/runtime_library_classes_jar/debug/bundleLibRuntimeToJarDebug/classes.jar is not up-to-date because:
[   +3 ms]   Output property 'outputDirectory' file /data/data/com.termux/files/home/llano_music_app/build/jni_flutter/.transforms/313432252f3d54dc6b3296dac848f3fb/transformed has been removed.
[   +4 ms]   Output property 'outputDirectory' file /data/data/com.termux/files/home/llano_music_app/build/jni_flutter/.transforms/313432252f3d54dc6b3296dac848f3fb/transformed/classes has been removed.
[   +3 ms]   Output property 'outputDirectory' file /data/data/com.termux/files/home/llano_music_app/build/jni_flutter/.transforms/313432252f3d54dc6b3296dac848f3fb/transformed/classes/classes_dex has been removed.
[   +3 ms]   and more...
[   +7 ms] The input changes require a full rebuild for incremental DexingNoClasspathTransform: /data/data/com.termux/files/home/llano_music_app/build/jni_flutter/intermediates/runtime_library_classes_jar/debug/bundleLibRuntimeToJarDebug/classes.jar.
[   +2 ms] Running dexing transform non-incrementally for '/data/data/com.termux/files/home/llano_music_app/build/jni_flutter/intermediates/runtime_library_classes_jar/debug/bundleLibRuntimeToJarDebug/classes.jar'
[+5261 ms] Resolve mutations for :app:createDebugCompatibleScreenManifests (Thread[#78,Execution worker Thread 2,5,main]) started.
[   +3 ms] :app:createDebugCompatibleScreenManifests (Thread[#78,Execution worker Thread 2,5,main]) started.
[   +4 ms] > Transform classes.jar (project :jni) with DexingNoClasspathTransform
[   +4 ms] Caching disabled for DexingNoClasspathTransform: /data/data/com.termux/files/home/llano_music_app/build/jni/intermediates/runtime_library_classes_jar/debug/bundleLibRuntimeToJarDebug/classes.jar because:
[   +2 ms]   Build cache is disabled
[   +2 ms] DexingNoClasspathTransform: /data/data/com.termux/files/home/llano_music_app/build/jni/intermediates/runtime_library_classes_jar/debug/bundleLibRuntimeToJarDebug/classes.jar is not up-to-date because:
[   +2 ms]   Output property 'outputDirectory' file /data/data/com.termux/files/home/llano_music_app/build/jni/.transforms/e285c0c79d78b3d728811f658dd4cc98/transformed has been removed.
[   +2 ms]   Output property 'outputDirectory' file /data/data/com.termux/files/home/llano_music_app/build/jni/.transforms/e285c0c79d78b3d728811f658dd4cc98/transformed/classes has been removed.
[   +2 ms]   Output property 'outputDirectory' file /data/data/com.termux/files/home/llano_music_app/build/jni/.transforms/e285c0c79d78b3d728811f658dd4cc98/transformed/classes/classes_dex has been removed.
[   +3 ms]   and more...
[   +3 ms] The input changes require a full rebuild for incremental DexingNoClasspathTransform: /data/data/com.termux/files/home/llano_music_app/build/jni/intermediates/runtime_library_classes_jar/debug/bundleLibRuntimeToJarDebug/classes.jar.
[   +2 ms] Running dexing transform non-incrementally for '/data/data/com.termux/files/home/llano_music_app/build/jni/intermediates/runtime_library_classes_jar/debug/bundleLibRuntimeToJarDebug/classes.jar'
[ +174 ms] > Task :app:createDebugCompatibleScreenManifests
[   +5 ms] Caching disabled for task ':app:createDebugCompatibleScreenManifests' because:
[   +3 ms]   Build cache is disabled
[   +2 ms]   Caching has been disabled for the task
[   +6 ms] Task ':app:createDebugCompatibleScreenManifests' is not up-to-date because:
[   +3 ms]   Output property 'outputFolder' file /data/data/com.termux/files/home/llano_music_app/build/app/intermediates/compatible_screen_manifest/debug/createDebugCompatibleScreenManifests has been removed.
[   +3 ms]   Output property 'outputFolder' file /data/data/com.termux/files/home/llano_music_app/build/app/intermediates/compatible_screen_manifest/debug/createDebugCompatibleScreenManifests/output-metadata.json has been removed.
[   +3 ms] Resolve mutations for :app:extractDeepLinksDebug (Thread[#78,Execution worker Thread 2,5,main]) started.
[   +3 ms] :app:extractDeepLinksDebug (Thread[#78,Execution worker Thread 2,5,main]) started.
[   +4 ms] > Task :app:mergeDebugResources
[   +2 ms] Caching disabled for task ':app:mergeDebugResources' because:
[   +3 ms]   Build cache is disabled
[   +4 ms] Task ':app:mergeDebugResources' is not up-to-date because:
[   +3 ms]   Output property 'blameLogOutputFolder' file /data/data/com.termux/files/home/llano_music_app/build/app/intermediates/merged_res_blame_folder/debug/mergeDebugResources/out has been removed.
[   +4 ms]   Output property 'blameLogOutputFolder' file /data/data/com.termux/files/home/llano_music_app/build/app/intermediates/merged_res_blame_folder/debug/mergeDebugResources/out/multi-v2 has been removed.
[   +4 ms]   Output property 'blameLogOutputFolder' file /data/data/com.termux/files/home/llano_music_app/build/app/intermediates/merged_res_blame_folder/debug/mergeDebugResources/out/multi-v2/mergeDebugResources.json has been removed.
[   +4 ms]   and more...
[   +2 ms] The input changes require a full rebuild for incremental task ':app:mergeDebugResources'.
[   +2 ms] [MergeResources] Inputs are non-incremental full task action.
[   +3 ms] Compiling XML table /data/data/com.termux/files/home/llano_music_app/build/app/intermediates/incremental/debug/mergeDebugResources/merged.dir/values-hi/values-hi.xml to /data/data/com.termux/files/home/llano_music_app/build/app/intermediates/merged_res/debug/mergeDebugResources/values-hi_values-hi.arsc.flat
[   +4 ms] Compiling XML table /data/data/com.termux/files/home/llano_music_app/build/app/intermediates/incremental/debug/mergeDebugResources/merged.dir/values/values.xml to /data/data/com.termux/files/home/llano_music_app/build/app/intermediates/merged_res/debug/mergeDebugResources/values_values.arsc.flat
[  +12 ms] Compiling XML table /data/data/com.termux/files/home/llano_music_app/build/app/intermediates/incremental/debug/mergeDebugResources/merged.dir/values-lo/values-lo.xml to /data/data/com.termux/files/home/llano_music_app/build/app/intermediates/merged_res/debug/mergeDebugResources/values-lo_values-lo.arsc.flat
[   +4 ms] Compiling XML table /data/data/com.termux/files/home/llano_music_app/build/app/intermediates/incremental/debug/mergeDebugResources/merged.dir/values-de/values-de.xml to /data/data/com.termux/files/home/llano_music_app/build/app/intermediates/merged_res/debug/mergeDebugResources/values-de_values-de.arsc.flat
[ +101 ms] > Task :app:extractDeepLinksDebug
[   +3 ms] Caching disabled for task ':app:extractDeepLinksDebug' because:
[   +7 ms]   Build cache is disabled
[   +4 ms] Task ':app:extractDeepLinksDebug' is not up-to-date because:
[   +3 ms]   Output property 'navigationJson' file /data/data/com.termux/files/home/llano_music_app/build/app/intermediates/navigation_json/debug/extractDeepLinksDebug/navigation.json has been removed.
[   +4 ms] Resolve mutations for :audioplayers_android:extractDeepLinksDebug (Thread[#78,Execution worker Thread 2,5,main]) started.
[   +3 ms] :audioplayers_android:extractDeepLinksDebug (Thread[#78,Execution worker Thread 2,5,main]) started.
[  +68 ms] > Task :audioplayers_android:extractDeepLinksDebug
[   +3 ms] Caching disabled for task ':audioplayers_android:extractDeepLinksDebug' because:
[   +2 ms]   Build cache is disabled
[   +2 ms] Task ':audioplayers_android:extractDeepLinksDebug' is not up-to-date because:
[   +4 ms]   Output property 'navigationJson' file /data/data/com.termux/files/home/llano_music_app/build/audioplayers_android/intermediates/navigation_json/debug/extractDeepLinksDebug/navigation.json has been removed.
[   +3 ms] work action resolve navigation.json (project :audioplayers_android) (Thread[#78,Execution worker Thread 2,5,main]) started.
[   +3 ms] Resolve mutations for :audioplayers_android:processDebugManifest (Thread[#78,Execution worker Thread 2,5,main]) started.
[   +2 ms] :audioplayers_android:processDebugManifest (Thread[#78,Execution worker Thread 2,5,main]) started.
[+1100 ms] Resolve mutations for :jni:extractDeepLinksDebug (Thread[#81,Execution worker Thread 5,5,main]) started.
[   +3 ms] :jni:extractDeepLinksDebug (Thread[#81,Execution worker Thread 5,5,main]) started.
[ +182 ms] > Task :jni:extractDeepLinksDebug
[   +2 ms] Caching disabled for task ':jni:extractDeepLinksDebug' because:
[   +6 ms]   Build cache is disabled
[   +2 ms] Task ':jni:extractDeepLinksDebug' is not up-to-date because:
[   +2 ms]   Output property 'navigationJson' file /data/data/com.termux/files/home/llano_music_app/build/jni/intermediates/navigation_json/debug/extractDeepLinksDebug/navigation.json has been removed.
[   +2 ms] work action resolve navigation.json (project :jni) (Thread[#81,Execution worker Thread 5,5,main]) started.
[   +2 ms] Resolve mutations for :jni:processDebugManifest (Thread[#81,Execution worker Thread 5,5,main]) started.
[   +5 ms] :jni:processDebugManifest (Thread[#81,Execution worker Thread 5,5,main]) started.
[ +375 ms] Resolve mutations for :jni_flutter:extractDeepLinksDebug (Thread[#77,Execution worker,5,main]) started.
[   +3 ms] :jni_flutter:extractDeepLinksDebug (Thread[#77,Execution worker,5,main]) started.
[   +6 ms] > Task :app:mergeDebugResources
[   +4 ms] Compiling XML table /data/data/com.termux/files/home/llano_music_app/build/app/intermediates/incremental/debug/mergeDebugResources/merged.dir/values-hr/values-hr.xml to /data/data/com.termux/files/home/llano_music_app/build/app/intermediates/merged_res/debug/mergeDebugResources/values-hr_values-hr.arsc.flat
[   +3 ms] Compiling XML table /data/data/com.termux/files/home/llano_music_app/build/app/intermediates/incremental/debug/mergeDebugResources/merged.dir/values-hy/values-hy.xml to /data/data/com.termux/files/home/llano_music_app/build/app/intermediates/merged_res/debug/mergeDebugResources/values-hy_values-hy.arsc.flat
[   +4 ms] Compiling XML table /data/data/com.termux/files/home/llano_music_app/build/app/intermediates/incremental/debug/mergeDebugResources/merged.dir/values-uk/values-uk.xml to /data/data/com.termux/files/home/llano_music_app/build/app/intermediates/merged_res/debug/mergeDebugResources/values-uk_values-uk.arsc.flat
[   +3 ms] Compiling XML table /data/data/com.termux/files/home/llano_music_app/build/app/intermediates/incremental/debug/mergeDebugResources/merged.dir/values-en-rIN/values-en-rIN.xml to /data/data/com.termux/files/home/llano_music_app/build/app/intermediates/merged_res/debug/mergeDebugResources/values-en-rIN_values-en-rIN.arsc.flat
[   +5 ms] Compiling XML table /data/data/com.termux/files/home/llano_music_app/build/app/intermediates/incremental/debug/mergeDebugResources/merged.dir/values-ml/values-ml.xml to /data/data/com.termux/files/home/llano_music_app/build/app/intermediates/merged_res/debug/mergeDebugResources/values-ml_values-ml.arsc.flat
[   +2 ms] Compiling XML table /data/data/com.termux/files/home/llano_music_app/build/app/intermediates/incremental/debug/mergeDebugResources/merged.dir/values-af/values-af.xml to /data/data/com.termux/files/home/llano_music_app/build/app/intermediates/merged_res/debug/mergeDebugResources/values-af_values-af.arsc.flat
[   +2 ms] Compiling XML table /data/data/com.termux/files/home/llano_music_app/build/app/intermediates/incremental/debug/mergeDebugResources/merged.dir/values-fr-rCA/values-fr-rCA.xml to /data/data/com.termux/files/home/llano_music_app/build/app/intermediates/merged_res/debug/mergeDebugResources/values-fr-rCA_values-fr-rCA.arsc.flat
[   +3 ms] Compiling XML table /data/data/com.termux/files/home/llano_music_app/build/app/intermediates/incremental/debug/mergeDebugResources/merged.dir/values-el/values-el.xml to /data/data/com.termux/files/home/llano_music_app/build/app/intermediates/merged_res/debug/mergeDebugResources/values-el_values-el.arsc.flat
[   +2 ms] Compiling XML table /data/data/com.termux/files/home/llano_music_app/build/app/intermediates/incremental/debug/mergeDebugResources/merged.dir/values-in/values-in.xml to /data/data/com.termux/files/home/llano_music_app/build/app/intermediates/merged_res/debug/mergeDebugResources/values-in_values-in.arsc.flat
[   +1 ms] Compiling XML table /data/data/com.termux/files/home/llano_music_app/build/app/intermediates/incremental/debug/mergeDebugResources/merged.dir/values-is/values-is.xml to /data/data/com.termux/files/home/llano_music_app/build/app/intermediates/merged_res/debug/mergeDebugResources/values-is_values-is.arsc.flat
[   +3 ms] Compiling XML table /data/data/com.termux/files/home/llano_music_app/build/app/intermediates/incremental/debug/mergeDebugResources/merged.dir/values-it/values-it.xml to /data/data/com.termux/files/home/llano_music_app/build/app/intermediates/merged_res/debug/mergeDebugResources/values-it_values-it.arsc.flat
[   +2 ms] Compiling XML table /data/data/com.termux/files/home/llano_music_app/build/app/intermediates/incremental/debug/mergeDebugResources/merged.dir/values-b+sr+Latn/values-b+sr+Latn.xml to /data/data/com.termux/files/home/llano_music_app/build/app/intermediates/merged_res/debug/mergeDebugResources/values-b+sr+Latn_values-b+sr+Latn.arsc.flat
[   +3 ms] Compiling XML table /data/data/com.termux/files/home/llano_music_app/build/app/intermediates/incremental/debug/mergeDebugResources/merged.dir/values-ar/values-ar.xml to /data/data/com.termux/files/home/llano_music_app/build/app/intermediates/merged_res/debug/mergeDebugResources/values-ar_values-ar.arsc.flat
[   +6 ms] Compiling XML table /data/data/com.termux/files/home/llano_music_app/build/app/intermediates/incremental/debug/mergeDebugResources/merged.dir/values-eu/values-eu.xml to /data/data/com.termux/files/home/llano_music_app/build/app/intermediates/merged_res/debug/mergeDebugResources/values-eu_values-eu.arsc.flat
[   +4 ms] Compiling XML table /data/data/com.termux/files/home/llano_music_app/build/app/intermediates/incremental/debug/mergeDebugResources/merged.dir/values-my/values-my.xml to /data/data/com.termux/files/home/llano_music_app/build/app/intermediates/merged_res/debug/mergeDebugResources/values-my_values-my.arsc.flat
[   +3 ms] Compiling XML table /data/data/com.termux/files/home/llano_music_app/build/app/intermediates/incremental/debug/mergeDebugResources/merged.dir/values-ja/values-ja.xml to /data/data/com.termux/files/home/llano_music_app/build/app/intermediates/merged_res/debug/mergeDebugResources/values-ja_values-ja.arsc.flat
[   +2 ms] Compiling XML table /data/data/com.termux/files/home/llano_music_app/build/app/intermediates/incremental/debug/mergeDebugResources/merged.dir/values-ne/values-ne.xml to /data/data/com.termux/files/home/llano_music_app/build/app/intermediates/merged_res/debug/mergeDebugResources/values-ne_values-ne.arsc.flat
[   +2 ms] Compiling XML table /data/data/com.termux/files/home/llano_music_app/build/app/intermediates/incremental/debug/mergeDebugResources/merged.dir/values-as/values-as.xml to /data/data/com.termux/files/home/llano_music_app/build/app/intermediates/merged_res/debug/mergeDebugResources/values-as_values-as.arsc.flat
[   +3 ms] Compiling XML table /data/data/com.termux/files/home/llano_music_app/build/app/intermediates/incremental/debug/mergeDebugResources/merged.dir/values-hu/values-hu.xml to /data/data/com.termux/files/home/llano_music_app/build/app/intermediates/merged_res/debug/mergeDebugResources/values-hu_values-hu.arsc.flat
[   +7 ms] Compiling XML table /data/data/com.termux/files/home/llano_music_app/build/app/intermediates/incremental/debug/mergeDebugResources/merged.dir/values-v21/values-v21.xml to /data/data/com.termux/files/home/llano_music_app/build/app/intermediates/merged_res/debug/mergeDebugResources/values-v21_values-v21.arsc.flat
[   +1 ms] Compiling XML table /data/data/com.termux/files/home/llano_music_app/build/app/intermediates/incremental/debug/mergeDebugResources/merged.dir/values-be/values-be.xml to /data/data/com.termux/files/home/llano_music_app/build/app/intermediates/merged_res/debug/mergeDebugResources/values-be_values-be.arsc.flat
[   +2 ms] Compiling XML table /data/data/com.termux/files/home/llano_music_app/build/app/intermediates/incremental/debug/mergeDebugResources/merged.dir/values-zh-rCN/values-zh-rCN.xml to /data/data/com.termux/files/home/llano_music_app/build/app/intermediates/merged_res/debug/mergeDebugResources/values-zh-rCN_values-zh-rCN.arsc.flat
[   +1 ms] Compiling XML table /data/data/com.termux/files/home/llano_music_app/build/app/intermediates/incremental/debug/mergeDebugResources/merged.dir/values-az/values-az.xml to /data/data/com.termux/files/home/llano_music_app/build/app/intermediates/merged_res/debug/mergeDebugResources/values-az_values-az.arsc.flat
[   +2 ms] Compiling XML table /data/data/com.termux/files/home/llano_music_app/build/app/intermediates/incremental/debug/mergeDebugResources/merged.dir/values-uz/values-uz.xml to /data/data/com.termux/files/home/llano_music_app/build/app/intermediates/merged_res/debug/mergeDebugResources/values-uz_values-uz.arsc.flat
[   +3 ms] Compiling XML table /data/data/com.termux/files/home/llano_music_app/build/app/intermediates/incremental/debug/mergeDebugResources/merged.dir/values-bs/values-bs.xml to /data/data/com.termux/files/home/llano_music_app/build/app/intermediates/merged_res/debug/mergeDebugResources/values-bs_values-bs.arsc.flat
[   +2 ms] Compiling XML table /data/data/com.termux/files/home/llano_music_app/build/app/intermediates/incremental/debug/mergeDebugResources/merged.dir/values-en-rCA/values-en-rCA.xml to /data/data/com.termux/files/home/llano_music_app/build/app/intermediates/merged_res/debug/mergeDebugResources/values-en-rCA_values-en-rCA.arsc.flat
[   +3 ms] Compiling XML table /data/data/com.termux/files/home/llano_music_app/build/app/intermediates/incremental/debug/mergeDebugResources/merged.dir/values-fi/values-fi.xml to /data/data/com.termux/files/home/llano_music_app/build/app/intermediates/merged_res/debug/mergeDebugResources/values-fi_values-fi.arsc.flat
[   +1 ms] Compiling XML table /data/data/com.termux/files/home/llano_music_app/build/app/intermediates/incremental/debug/mergeDebugResources/merged.dir/values-zh-rHK/values-zh-rHK.xml to /data/data/com.termux/files/home/llano_music_app/build/app/intermediates/merged_res/debug/mergeDebugResources/values-zh-rHK_values-zh-rHK.arsc.flat
[   +3 ms] Compiling XML table /data/data/com.termux/files/home/llano_music_app/build/app/intermediates/incremental/debug/mergeDebugResources/merged.dir/values-fa/values-fa.xml to /data/data/com.termux/files/home/llano_music_app/build/app/intermediates/merged_res/debug/mergeDebugResources/values-fa_values-fa.arsc.flat
[   +2 ms] Compiling XML table /data/data/com.termux/files/home/llano_music_app/build/app/intermediates/incremental/debug/mergeDebugResources/merged.dir/values-sr/values-sr.xml to /data/data/com.termux/files/home/llano_music_app/build/app/intermediates/merged_res/debug/mergeDebugResources/values-sr_values-sr.arsc.flat
[   +2 ms] Compiling XML table /data/data/com.termux/files/home/llano_music_app/build/app/intermediates/incremental/debug/mergeDebugResources/merged.dir/values-en-rGB/values-en-rGB.xml to /data/data/com.termux/files/home/llano_music_app/build/app/intermediates/merged_res/debug/mergeDebugResources/values-en-rGB_values-en-rGB.arsc.flat
[   +7 ms] Compiling XML table /data/data/com.termux/files/home/llano_music_app/build/app/intermediates/incremental/debug/mergeDebugResources/merged.dir/values-ca/values-ca.xml to /data/data/com.termux/files/home/llano_music_app/build/app/intermediates/merged_res/debug/mergeDebugResources/values-ca_values-ca.arsc.flat
[   +9 ms] Compiling XML table /data/data/com.termux/files/home/llano_music_app/build/app/intermediates/incremental/debug/mergeDebugResources/merged.dir/values-bg/values-bg.xml to /data/data/com.termux/files/home/llano_music_app/build/app/intermediates/merged_res/debug/mergeDebugResources/values-bg_values-bg.arsc.flat
[   +6 ms] Compiling XML table /data/data/com.termux/files/home/llano_music_app/build/app/intermediates/incremental/debug/mergeDebugResources/merged.dir/values-gl/values-gl.xml to /data/data/com.termux/files/home/llano_music_app/build/app/intermediates/merged_res/debug/mergeDebugResources/values-gl_values-gl.arsc.flat
[   +2 ms] Compiling XML table /data/data/com.termux/files/home/llano_music_app/build/app/intermediates/incremental/debug/mergeDebugResources/merged.dir/values-ko/values-ko.xml to /data/data/com.termux/files/home/llano_music_app/build/app/intermediates/merged_res/debug/mergeDebugResources/values-ko_values-ko.arsc.flat
[   +3 ms] Compiling XML table /data/data/com.termux/files/home/llano_music_app/build/app/intermediates/incremental/debug/mergeDebugResources/merged.dir/values-et/values-et.xml to /data/data/com.termux/files/home/llano_music_app/build/app/intermediates/merged_res/debug/mergeDebugResources/values-et_values-et.arsc.flat
[   +2 ms] Compiling XML table /data/data/com.termux/files/home/llano_music_app/build/app/intermediates/incremental/debug/mergeDebugResources/merged.dir/values-kk/values-kk.xml to /data/data/com.termux/files/home/llano_music_app/build/app/intermediates/merged_res/debug/mergeDebugResources/values-kk_values-kk.arsc.flat
[   +2 ms] Compiling XML table /data/data/com.termux/files/home/llano_music_app/build/app/intermediates/incremental/debug/mergeDebugResources/merged.dir/values-th/values-th.xml to /data/data/com.termux/files/home/llano_music_app/build/app/intermediates/merged_res/debug/mergeDebugResources/values-th_values-th.arsc.flat
[   +2 ms] Compiling XML table /data/data/com.termux/files/home/llano_music_app/build/app/intermediates/incremental/debug/mergeDebugResources/merged.dir/values-pa/values-pa.xml to /data/data/com.termux/files/home/llano_music_app/build/app/intermediates/merged_res/debug/mergeDebugResources/values-pa_values-pa.arsc.flat
[   +3 ms] Compiling XML table /data/data/com.termux/files/home/llano_music_app/build/app/intermediates/incremental/debug/mergeDebugResources/merged.dir/values-sk/values-sk.xml to /data/data/com.termux/files/home/llano_music_app/build/app/intermediates/merged_res/debug/mergeDebugResources/values-sk_values-sk.arsc.flat
[   +2 ms] Compiling XML table /data/data/com.termux/files/home/llano_music_app/build/app/intermediates/incremental/debug/mergeDebugResources/merged.dir/values-ta/values-ta.xml to /data/data/com.termux/files/home/llano_music_app/build/app/intermediates/merged_res/debug/mergeDebugResources/values-ta_values-ta.arsc.flat
[   +3 ms] Compiling XML table /data/data/com.termux/files/home/llano_music_app/build/app/intermediates/incremental/debug/mergeDebugResources/merged.dir/values-night-v8/values-night-v8.xml to /data/data/com.termux/files/home/llano_music_app/build/app/intermediates/merged_res/debug/mergeDebugResources/values-night-v8_values-night-v8.arsc.flat
[   +2 ms] Compiling image file /data/data/com.termux/files/home/llano_music_app/android/app/src/main/res/mipmap-xxhdpi/ic_launcher.png
[   +2 ms] Compiling image file /data/data/com.termux/files/home/llano_music_app/android/app/src/main/res/mipmap-hdpi/ic_launcher.png
[   +2 ms] Compiling file /data/data/com.termux/files/home/llano_music_app/android/app/src/main/res/mipmap-hdpi/ic_launcher.png to /data/data/com.termux/files/home/llano_music_app/build/app/intermediates/merged_res/debug/mergeDebugResources/mipmap-hdpi_ic_launcher.png.flat
[   +3 ms] Compiling XML table /data/data/com.termux/files/home/llano_music_app/build/app/intermediates/incremental/debug/mergeDebugResources/merged.dir/values-nl/values-nl.xml to /data/data/com.termux/files/home/llano_music_app/build/app/intermediates/merged_res/debug/mergeDebugResources/values-nl_values-nl.arsc.flat
[   +3 ms] Compiling file /data/data/com.termux/files/home/llano_music_app/android/app/src/main/res/mipmap-xxhdpi/ic_launcher.png to /data/data/com.termux/files/home/llano_music_app/build/app/intermediates/merged_res/debug/mergeDebugResources/mipmap-xxhdpi_ic_launcher.png.flat
[   +3 ms] Compiling XML table /data/data/com.termux/files/home/llano_music_app/build/app/intermediates/incremental/debug/mergeDebugResources/merged.dir/values-or/values-or.xml to /data/data/com.termux/files/home/llano_music_app/build/app/intermediates/merged_res/debug/mergeDebugResources/values-or_values-or.arsc.flat
[   +5 ms] Compiling XML table /data/data/com.termux/files/home/llano_music_app/build/app/intermediates/incremental/debug/mergeDebugResources/merged.dir/values-tl/values-tl.xml to /data/data/com.termux/files/home/llano_music_app/build/app/intermediates/merged_res/debug/mergeDebugResources/values-tl_values-tl.arsc.flat
[   +2 ms] Compiling XML table /data/data/com.termux/files/home/llano_music_app/build/app/intermediates/incremental/debug/mergeDebugResources/merged.dir/values-bn/values-bn.xml to /data/data/com.termux/files/home/llano_music_app/build/app/intermediates/merged_res/debug/mergeDebugResources/values-bn_values-bn.arsc.flat
[   +3 ms] Compiling XML table /data/data/com.termux/files/home/llano_music_app/build/app/intermediates/incremental/debug/mergeDebugResources/merged.dir/values-pt-rBR/values-pt-rBR.xml to /data/data/com.termux/files/home/llano_music_app/build/app/intermediates/merged_res/debug/mergeDebugResources/values-pt-rBR_values-pt-rBR.arsc.flat
[   +3 ms] Compiling image file /data/data/com.termux/files/home/llano_music_app/android/app/src/main/res/mipmap-mdpi/ic_launcher.png
[   +2 ms] Compiling file /data/data/com.termux/files/home/llano_music_app/android/app/src/main/res/mipmap-mdpi/ic_launcher.png to /data/data/com.termux/files/home/llano_music_app/build/app/intermediates/merged_res/debug/mergeDebugResources/mipmap-mdpi_ic_launcher.png.flat
[   +8 ms] Compiling XML table /data/data/com.termux/files/home/llano_music_app/build/app/intermediates/incremental/debug/mergeDebugResources/merged.dir/values-sq/values-sq.xml to /data/data/com.termux/files/home/llano_music_app/build/app/intermediates/merged_res/debug/mergeDebugResources/values-sq_values-sq.arsc.flat
[   +5 ms] Compiling XML table /data/data/com.termux/files/home/llano_music_app/build/app/intermediates/incremental/debug/mergeDebugResources/merged.dir/values-tr/values-tr.xml to /data/data/com.termux/files/home/llano_music_app/build/app/intermediates/merged_res/debug/mergeDebugResources/values-tr_values-tr.arsc.flat
[   +3 ms] Compiling XML table /data/data/com.termux/files/home/llano_music_app/build/app/intermediates/incremental/debug/mergeDebugResources/merged.dir/values-sw/values-sw.xml to /data/data/com.termux/files/home/llano_music_app/build/app/intermediates/merged_res/debug/mergeDebugResources/values-sw_values-sw.arsc.flat
[   +4 ms] Compiling XML table /data/data/com.termux/files/home/llano_music_app/build/app/intermediates/incremental/debug/mergeDebugResources/merged.dir/values-lt/values-lt.xml to /data/data/com.termux/files/home/llano_music_app/build/app/intermediates/merged_res/debug/mergeDebugResources/values-lt_values-lt.arsc.flat
[   +3 ms] Compiling XML table /data/data/com.termux/files/home/llano_music_app/build/app/intermediates/incremental/debug/mergeDebugResources/merged.dir/values-lv/values-lv.xml to /data/data/com.termux/files/home/llano_music_app/build/app/intermediates/merged_res/debug/mergeDebugResources/values-lv_values-lv.arsc.flat
[   +2 ms] Compiling XML table /data/data/com.termux/files/home/llano_music_app/build/app/intermediates/incremental/debug/mergeDebugResources/merged.dir/values-te/values-te.xml to /data/data/com.termux/files/home/llano_music_app/build/app/intermediates/merged_res/debug/mergeDebugResources/values-te_values-te.arsc.flat
[  +11 ms] Compiling XML table /data/data/com.termux/files/home/llano_music_app/build/app/intermediates/incremental/debug/mergeDebugResources/merged.dir/values-mn/values-mn.xml to /data/data/com.termux/files/home/llano_music_app/build/app/intermediates/merged_res/debug/mergeDebugResources/values-mn_values-mn.arsc.flat
[   +7 ms] Compiling XML table /data/data/com.termux/files/home/llano_music_app/build/app/intermediates/incremental/debug/mergeDebugResources/merged.dir/values-mk/values-mk.xml to /data/data/com.termux/files/home/llano_music_app/build/app/intermediates/merged_res/debug/mergeDebugResources/values-mk_values-mk.arsc.flat
[   +3 ms] Compiling image file /data/data/com.termux/files/home/llano_music_app/android/app/src/main/res/mipmap-xhdpi/ic_launcher.png
[   +3 ms] Compiling file /data/data/com.termux/files/home/llano_music_app/android/app/src/main/res/mipmap-xhdpi/ic_launcher.png to /data/data/com.termux/files/home/llano_music_app/build/app/intermediates/merged_res/debug/mergeDebugResources/mipmap-xhdpi_ic_launcher.png.flat
[   +2 ms] Compiling XML table /data/data/com.termux/files/home/llano_music_app/build/app/intermediates/incremental/debug/mergeDebugResources/merged.dir/values-pt/values-pt.xml to /data/data/com.termux/files/home/llano_music_app/build/app/intermediates/merged_res/debug/mergeDebugResources/values-pt_values-pt.arsc.flat
[   +3 ms] Compiling XML table /data/data/com.termux/files/home/llano_music_app/build/app/intermediates/incremental/debug/mergeDebugResources/merged.dir/values-zh-rTW/values-zh-rTW.xml to /data/data/com.termux/files/home/llano_music_app/build/app/intermediates/merged_res/debug/mergeDebugResources/values-zh-rTW_values-zh-rTW.arsc.flat
[  +15 ms] Compiling XML table /data/data/com.termux/files/home/llano_music_app/build/app/intermediates/incremental/debug/mergeDebugResources/merged.dir/values-ms/values-ms.xml to /data/data/com.termux/files/home/llano_music_app/build/app/intermediates/merged_res/debug/mergeDebugResources/values-ms_values-ms.arsc.flat
[  +11 ms] Compiling XML table /data/data/com.termux/files/home/llano_music_app/build/app/intermediates/incremental/debug/mergeDebugResources/merged.dir/values-ur/values-ur.xml to /data/data/com.termux/files/home/llano_music_app/build/app/intermediates/merged_res/debug/mergeDebugResources/values-ur_values-ur.arsc.flat
[   +4 ms] Compiling XML table /data/data/com.termux/files/home/llano_music_app/build/app/intermediates/incremental/debug/mergeDebugResources/merged.dir/values-es/values-es.xml to /data/data/com.termux/files/home/llano_music_app/build/app/intermediates/merged_res/debug/mergeDebugResources/values-es_values-es.arsc.flat
[   +5 ms] Compiling XML table /data/data/com.termux/files/home/llano_music_app/build/app/intermediates/incremental/debug/mergeDebugResources/merged.dir/values-iw/values-iw.xml to /data/data/com.termux/files/home/llano_music_app/build/app/intermediates/merged_res/debug/mergeDebugResources/values-iw_values-iw.arsc.flat
[   +7 ms] Compiling XML table /data/data/com.termux/files/home/llano_music_app/build/app/intermediates/incremental/debug/mergeDebugResources/merged.dir/values-mr/values-mr.xml to /data/data/com.termux/files/home/llano_music_app/build/app/intermediates/merged_res/debug/mergeDebugResources/values-mr_values-mr.arsc.flat
[   +5 ms] Compiling XML table /data/data/com.termux/files/home/llano_music_app/build/app/intermediates/incremental/debug/mergeDebugResources/merged.dir/values-nb/values-nb.xml to /data/data/com.termux/files/home/llano_music_app/build/app/intermediates/merged_res/debug/mergeDebugResources/values-nb_values-nb.arsc.flat
[   +3 ms] Compiling XML table /data/data/com.termux/files/home/llano_music_app/build/app/intermediates/incremental/debug/mergeDebugResources/merged.dir/values-es-rUS/values-es-rUS.xml to /data/data/com.termux/files/home/llano_music_app/build/app/intermediates/merged_res/debug/mergeDebugResources/values-es-rUS_values-es-rUS.arsc.flat
[   +4 ms] Compiling XML table /data/data/com.termux/files/home/llano_music_app/build/app/intermediates/incremental/debug/mergeDebugResources/merged.dir/values-am/values-am.xml to /data/data/com.termux/files/home/llano_music_app/build/app/intermediates/merged_res/debug/mergeDebugResources/values-am_values-am.arsc.flat
[   +9 ms] Compiling XML table /data/data/com.termux/files/home/llano_music_app/build/app/intermediates/incremental/debug/mergeDebugResources/merged.dir/values-zu/values-zu.xml to /data/data/com.termux/files/home/llano_music_app/build/app/intermediates/merged_res/debug/mergeDebugResources/values-zu_values-zu.arsc.flat
[   +3 ms] Compiling XML table /data/data/com.termux/files/home/llano_music_app/build/app/intermediates/incremental/debug/mergeDebugResources/merged.dir/values-ro/values-ro.xml to /data/data/com.termux/files/home/llano_music_app/build/app/intermediates/merged_res/debug/mergeDebugResources/values-ro_values-ro.arsc.flat
[   +5 ms] Compiling XML table /data/data/com.termux/files/home/llano_music_app/build/app/intermediates/incremental/debug/mergeDebugResources/merged.dir/values-vi/values-vi.xml to /data/data/com.termux/files/home/llano_music_app/build/app/intermediates/merged_res/debug/mergeDebugResources/values-vi_values-vi.arsc.flat
[   +4 ms] Compiling XML table /data/data/com.termux/files/home/llano_music_app/build/app/intermediates/incremental/debug/mergeDebugResources/merged.dir/values-fr/values-fr.xml to /data/data/com.termux/files/home/llano_music_app/build/app/intermediates/merged_res/debug/mergeDebugResources/values-fr_values-fr.arsc.flat
[   +7 ms] Compiling XML table /data/data/com.termux/files/home/llano_music_app/build/app/intermediates/incremental/debug/mergeDebugResources/merged.dir/values-en-rXC/values-en-rXC.xml to /data/data/com.termux/files/home/llano_music_app/build/app/intermediates/merged_res/debug/mergeDebugResources/values-en-rXC_values-en-rXC.arsc.flat
[  +13 ms] Compiling XML table /data/data/com.termux/files/home/llano_music_app/build/app/intermediates/incremental/debug/mergeDebugResources/merged.dir/values-pt-rPT/values-pt-rPT.xml to /data/data/com.termux/files/home/llano_music_app/build/app/intermediates/merged_res/debug/mergeDebugResources/values-pt-rPT_values-pt-rPT.arsc.flat
[   +9 ms] Compiling XML table /data/data/com.termux/files/home/llano_music_app/build/app/intermediates/incremental/debug/mergeDebugResources/merged.dir/values-si/values-si.xml to /data/data/com.termux/files/home/llano_music_app/build/app/intermediates/merged_res/debug/mergeDebugResources/values-si_values-si.arsc.flat
[   +6 ms] Compiling XML table /data/data/com.termux/files/home/llano_music_app/build/app/intermediates/incremental/debug/mergeDebugResources/merged.dir/values-ru/values-ru.xml to /data/data/com.termux/files/home/llano_music_app/build/app/intermediates/merged_res/debug/mergeDebugResources/values-ru_values-ru.arsc.flat
[   +3 ms] Compiling XML table /data/data/com.termux/files/home/llano_music_app/build/app/intermediates/incremental/debug/mergeDebugResources/merged.dir/values-sl/values-sl.xml to /data/data/com.termux/files/home/llano_music_app/build/app/intermediates/merged_res/debug/mergeDebugResources/values-sl_values-sl.arsc.flat
[  +12 ms] Compiling XML table /data/data/com.termux/files/home/llano_music_app/build/app/intermediates/incremental/debug/mergeDebugResources/merged.dir/values-kn/values-kn.xml to /data/data/com.termux/files/home/llano_music_app/build/app/intermediates/merged_res/debug/mergeDebugResources/values-kn_values-kn.arsc.flat
[   +2 ms] Compiling XML table /data/data/com.termux/files/home/llano_music_app/build/app/intermediates/incremental/debug/mergeDebugResources/merged.dir/values-sv/values-sv.xml to /data/data/com.termux/files/home/llano_music_app/build/app/intermediates/merged_res/debug/mergeDebugResources/values-sv_values-sv.arsc.flat
[   +2 ms] Compiling XML table /data/data/com.termux/files/home/llano_music_app/build/app/intermediates/incremental/debug/mergeDebugResources/merged.dir/values-ka/values-ka.xml to /data/data/com.termux/files/home/llano_music_app/build/app/intermediates/merged_res/debug/mergeDebugResources/values-ka_values-ka.arsc.flat
[   +3 ms] Compiling XML table /data/data/com.termux/files/home/llano_music_app/build/app/intermediates/incremental/debug/mergeDebugResources/merged.dir/values-cs/values-cs.xml to /data/data/com.termux/files/home/llano_music_app/build/app/intermediates/merged_res/debug/mergeDebugResources/values-cs_values-cs.arsc.flat
[   +2 ms] Compiling XML table /data/data/com.termux/files/home/llano_music_app/build/app/intermediates/incremental/debug/mergeDebugResources/merged.dir/values-gu/values-gu.xml to /data/data/com.termux/files/home/llano_music_app/build/app/intermediates/merged_res/debug/mergeDebugResources/values-gu_values-gu.arsc.flat
[   +6 ms] Compiling XML table /data/data/com.termux/files/home/llano_music_app/build/app/intermediates/incremental/debug/mergeDebugResources/merged.dir/values-km/values-km.xml to /data/data/com.termux/files/home/llano_music_app/build/app/intermediates/merged_res/debug/mergeDebugResources/values-km_values-km.arsc.flat
[   +2 ms] Compiling XML table /data/data/com.termux/files/home/llano_music_app/build/app/intermediates/incremental/debug/mergeDebugResources/merged.dir/values-en-rAU/values-en-rAU.xml to /data/data/com.termux/files/home/llano_music_app/build/app/intermediates/merged_res/debug/mergeDebugResources/values-en-rAU_values-en-rAU.arsc.flat
[   +2 ms] Compiling XML table /data/data/com.termux/files/home/llano_music_app/build/app/intermediates/incremental/debug/mergeDebugResources/merged.dir/values-da/values-da.xml to /data/data/com.termux/files/home/llano_music_app/build/app/intermediates/merged_res/debug/mergeDebugResources/values-da_values-da.arsc.flat
[   +2 ms] Compiling XML table /data/data/com.termux/files/home/llano_music_app/build/app/intermediates/incremental/debug/mergeDebugResources/merged.dir/values-ky/values-ky.xml to /data/data/com.termux/files/home/llano_music_app/build/app/intermediates/merged_res/debug/mergeDebugResources/values-ky_values-ky.arsc.flat
[   +2 ms] Compiling image file /data/data/com.termux/files/home/llano_music_app/android/app/src/main/res/mipmap-xxxhdpi/ic_launcher.png
[   +2 ms] Compiling file /data/data/com.termux/files/home/llano_music_app/android/app/src/main/res/mipmap-xxxhdpi/ic_launcher.png to /data/data/com.termux/files/home/llano_music_app/build/app/intermediates/merged_res/debug/mergeDebugResources/mipmap-xxxhdpi_ic_launcher.png.flat
[   +4 ms] Compiling XML table /data/data/com.termux/files/home/llano_music_app/build/app/intermediates/incremental/debug/mergeDebugResources/merged.dir/values-pl/values-pl.xml to /data/data/com.termux/files/home/llano_music_app/build/app/intermediates/merged_res/debug/mergeDebugResources/values-pl_values-pl.arsc.flat
[   +2 ms] Compiling xml file /data/data/com.termux/files/home/llano_music_app/android/app/src/main/res/drawable-v21/launch_background.xml to /data/data/com.termux/files/home/llano_music_app/build/app/intermediates/merged_res/debug/mergeDebugResources/drawable-v21_launch_background.xml.flat
[   +2 ms] > Task :jni_flutter:extractDeepLinksDebug
[   +2 ms] Caching disabled for task ':jni_flutter:extractDeepLinksDebug' because:
[   +5 ms]   Build cache is disabled
[   +2 ms] Task ':jni_flutter:extractDeepLinksDebug' is not up-to-date because:
[   +2 ms]   Output property 'navigationJson' file /data/data/com.termux/files/home/llano_music_app/build/jni_flutter/intermediates/navigation_json/debug/extractDeepLinksDebug/navigation.json has been removed.
[   +2 ms] work action resolve navigation.json (project :jni_flutter) (Thread[#77,Execution worker,5,main]) started.
[   +7 ms] Resolve mutations for :jni_flutter:processDebugManifest (Thread[#77,Execution worker,5,main]) started.
[   +5 ms] :jni_flutter:processDebugManifest (Thread[#77,Execution worker,5,main]) started.
[   +9 ms] > Task :audioplayers_android:processDebugManifest
[   +4 ms] Caching disabled for task ':audioplayers_android:processDebugManifest' because:
[   +3 ms]   Build cache is disabled
[   +4 ms] Task ':audioplayers_android:processDebugManifest' is not up-to-date because:
[   +4 ms]   Output property 'aaptFriendlyManifestOutputDirectory' file /data/data/com.termux/files/home/llano_music_app/build/audioplayers_android/intermediates/aapt_friendly_merged_manifests/debug/processDebugManifest/aapt has been removed.
[   +4 ms]   Output property 'aaptFriendlyManifestOutputDirectory' file /data/data/com.termux/files/home/llano_music_app/build/audioplayers_android/intermediates/aapt_friendly_merged_manifests/debug/processDebugManifest/aapt/AndroidManifest.xml has been removed.
[   +3 ms]   Output property 'aaptFriendlyManifestOutputDirectory' file /data/data/com.termux/files/home/llano_music_app/build/audioplayers_android/intermediates/aapt_friendly_merged_manifests/debug/processDebugManifest/aapt/output-metadata.json has been removed.
[   +4 ms]   and more...
[   +3 ms] package="xyz.luan.audioplayers" found in source AndroidManifest.xml: /root/.pub-cache/hosted/pub.dev/audioplayers_android-5.3.0/android/src/main/AndroidManifest.xml.
[   +9 ms] Setting the namespace via the package attribute in the source AndroidManifest.xml is no longer supported, and the value is ignored.
[   +3 ms] Recommendation: remove package="xyz.luan.audioplayers" from the source AndroidManifest.xml: /root/.pub-cache/hosted/pub.dev/audioplayers_android-5.3.0/android/src/main/AndroidManifest.xml.
[   +8 ms] Merging main manifest /root/.pub-cache/hosted/pub.dev/audioplayers_android-5.3.0/android/src/main/AndroidManifest.xml
[   +8 ms] Resolve mutations for :audioplayers_android:compileDebugLibraryResources (Thread[#82,Execution worker Thread 6,5,main]) started.
[   +3 ms] :audioplayers_android:compileDebugLibraryResources (Thread[#82,Execution worker Thread 6,5,main]) started.
[ +271 ms] > Task :audioplayers_android:processDebugManifest
[   +5 ms] Merging result: SUCCESS
[   +2 ms] 1<?xml version="1.0" encoding="utf-8"?>
[   +3 ms] 2<manifest xmlns:android="http://schemas.android.com/apk/res/android"
[   +2 ms] 3    package="xyz.luan.audioplayers" >
[   +4 ms] 4
[   +2 ms] 5    <uses-sdk android:minSdkVersion="19" />
[   +2 ms] 6
[   +2 ms] 7</manifest>
[   +3 ms] Merged manifest saved to /data/data/com.termux/files/home/llano_music_app/build/audioplayers_android/intermediates/merged_manifest/debug/processDebugManifest/AndroidManifest.xml
[   +4 ms] > Task :jni:processDebugManifest
[   +7 ms] Caching disabled for task ':jni:processDebugManifest' because:
[   +2 ms]   Build cache is disabled
[   +2 ms] Task ':jni:processDebugManifest' is not up-to-date because:
[   +9 ms]   Output property 'aaptFriendlyManifestOutputDirectory' file /data/data/com.termux/files/home/llano_music_app/build/jni/intermediates/aapt_friendly_merged_manifests/debug/processDebugManifest/aapt has been removed.
[   +9 ms]   Output property 'aaptFriendlyManifestOutputDirectory' file /data/data/com.termux/files/home/llano_music_app/build/jni/intermediates/aapt_friendly_merged_manifests/debug/processDebugManifest/aapt/AndroidManifest.xml has been removed.
[   +3 ms]   Output property 'aaptFriendlyManifestOutputDirectory' file /data/data/com.termux/files/home/llano_music_app/build/jni/intermediates/aapt_friendly_merged_manifests/debug/processDebugManifest/aapt/output-metadata.json has been removed.
[   +4 ms]   and more...
[   +4 ms] package="com.github.dart_lang.jni" found in source AndroidManifest.xml: /root/.pub-cache/hosted/pub.dev/jni-1.0.0/android/src/main/AndroidManifest.xml.
[   +2 ms] Setting the namespace via the package attribute in the source AndroidManifest.xml is no longer supported, and the value is ignored.
[   +2 ms] Recommendation: remove package="com.github.dart_lang.jni" from the source AndroidManifest.xml: /root/.pub-cache/hosted/pub.dev/jni-1.0.0/android/src/main/AndroidManifest.xml.
[   +3 ms] Merging main manifest /root/.pub-cache/hosted/pub.dev/jni-1.0.0/android/src/main/AndroidManifest.xml
[   +4 ms] Merging result: SUCCESS
[   +3 ms] 1<?xml version="1.0" encoding="utf-8"?>
[   +5 ms] 2<manifest xmlns:android="http://schemas.android.com/apk/res/android"
[   +4 ms] 3    package="com.github.dart_lang.jni" >
[   +3 ms] 4
[   +3 ms] 5    <uses-sdk android:minSdkVersion="21" />
[   +8 ms] 6
[   +3 ms] 7</manifest>
[   +9 ms] Merged manifest saved to /data/data/com.termux/files/home/llano_music_app/build/jni/intermediates/merged_manifest/debug/processDebugManifest/AndroidManifest.xml
[   +4 ms] work action resolve AndroidManifest.xml (project :audioplayers_android) (Thread[#78,Execution worker Thread 2,5,main]) started.
[   +7 ms] Resolve mutations for :jni:compileDebugLibraryResources (Thread[#78,Execution worker Thread 2,5,main]) started.
[   +7 ms] > Task :jni_flutter:processDebugManifest
[   +4 ms] Caching disabled for task ':jni_flutter:processDebugManifest' because:
[   +4 ms]   Build cache is disabled
[   +2 ms] Task ':jni_flutter:processDebugManifest' is not up-to-date because:
[   +2 ms]   Output property 'aaptFriendlyManifestOutputDirectory' file /data/data/com.termux/files/home/llano_music_app/build/jni_flutter/intermediates/aapt_friendly_merged_manifests/debug/processDebugManifest/aapt has been removed.
[   +4 ms]   Output property 'aaptFriendlyManifestOutputDirectory' file /data/data/com.termux/files/home/llano_music_app/build/jni_flutter/intermediates/aapt_friendly_merged_manifests/debug/processDebugManifest/aapt/AndroidManifest.xml has been removed.
[   +3 ms]   Output property 'aaptFriendlyManifestOutputDirectory' file /data/data/com.termux/files/home/llano_music_app/build/jni_flutter/intermediates/aapt_friendly_merged_manifests/debug/processDebugManifest/aapt/output-metadata.json has been removed.
[   +3 ms]   and more...
[   +2 ms] package="com.github.dart_lang.jni_flutter" found in source AndroidManifest.xml: /root/.pub-cache/hosted/pub.dev/jni_flutter-1.0.1/android/src/main/AndroidManifest.xml.
[   +8 ms] Setting the namespace via the package attribute in the source AndroidManifest.xml is no longer supported, and the value is ignored.
[   +3 ms] Recommendation: remove package="com.github.dart_lang.jni_flutter" from the source AndroidManifest.xml: /root/.pub-cache/hosted/pub.dev/jni_flutter-1.0.1/android/src/main/AndroidManifest.xml.
[   +2 ms] Merging main manifest /root/.pub-cache/hosted/pub.dev/jni_flutter-1.0.1/android/src/main/AndroidManifest.xml
[   +6 ms] Merging result: SUCCESS
[   +3 ms] 1<?xml version="1.0" encoding="utf-8"?>
[   +3 ms] 2<manifest xmlns:android="http://schemas.android.com/apk/res/android"
[   +4 ms] 3    package="com.github.dart_lang.jni_flutter" >
[   +6 ms] 4
[   +6 ms] 5    <uses-sdk android:minSdkVersion="21" />
[  +10 ms] 6
[   +9 ms] 7</manifest>
[   +8 ms] Merged manifest saved to /data/data/com.termux/files/home/llano_music_app/build/jni_flutter/intermediates/merged_manifest/debug/processDebugManifest/AndroidManifest.xml
[   +9 ms] work action resolve AndroidManifest.xml (project :jni) (Thread[#78,Execution worker Thread 2,5,main]) started.
[   +2 ms] work action resolve AndroidManifest.xml (project :jni_flutter) (Thread[#78,Execution worker Thread 2,5,main]) started.
[   +8 ms] Resolve mutations for :app:processDebugMainManifest (Thread[#77,Execution worker,5,main]) started.
[  +13 ms] :app:processDebugMainManifest (Thread[#77,Execution worker,5,main]) started.
[   +6 ms] > Task :audioplayers_android:compileDebugLibraryResources
[  +18 ms] Caching disabled for task ':audioplayers_android:compileDebugLibraryResources' because:
[   +5 ms]   Build cache is disabled
[   +4 ms] Task ':audioplayers_android:compileDebugLibraryResources' is not up-to-date because:
[   +6 ms]   Output property 'outputDir' file /data/data/com.termux/files/home/llano_music_app/build/audioplayers_android/intermediates/compiled_local_resources/debug/compileDebugLibraryResources/out has been removed.
[   +3 ms] The input changes require a full rebuild for incremental task ':audioplayers_android:compileDebugLibraryResources'.
[ +655 ms] DexingOutputSplitTransform (Thread[#153,included builds Thread 2,5,main]) started.
[+1240 ms] work action resolve out (project :audioplayers_android) (Thread[#153,included builds Thread 2,5,main]) started.
[ +173 ms] > Task :app:processDebugMainManifest
[   +3 ms] Caching disabled for task ':app:processDebugMainManifest' because:
[   +4 ms]   Build cache is disabled
[   +6 ms] Task ':app:processDebugMainManifest' is not up-to-date because:
[   +4 ms]   Output property 'mergeBlameFile' file /data/data/com.termux/files/home/llano_music_app/build/app/intermediates/manifest_merge_blame_file/debug/processDebugMainManifest/manifest-merger-blame-debug-report.txt has been removed.
[   +3 ms]   Output property 'mergedManifest' file /data/data/com.termux/files/home/llano_music_app/build/app/intermediates/merged_manifest/debug/processDebugMainManifest/AndroidManifest.xml has been removed.
[   +5 ms]   Output property 'reportFile' file /data/data/com.termux/files/home/llano_music_app/build/app/outputs/logs/manifest-merger-debug-report.txt has been removed.
[  +64 ms] Loading library manifest /data/data/com.termux/files/home/llano_music_app/build/jni_flutter/intermediates/merged_manifest/debug/processDebugManifest/AndroidManifest.xml
[   +3 ms] Loading library manifest /data/data/com.termux/files/home/llano_music_app/build/jni/intermediates/merged_manifest/debug/processDebugManifest/AndroidManifest.xml
[   +4 ms] Loading library manifest /data/data/com.termux/files/home/llano_music_app/build/audioplayers_android/intermediates/merged_manifest/debug/processDebugManifest/AndroidManifest.xml
[  +86 ms] Loading library manifest /root/.gradle/caches/9.1.0/transforms/239b4fc20314868607db35a296f7fcb2/transformed/fragment-1.7.1/AndroidManifest.xml
[   +2 ms] Loading library manifest /root/.gradle/caches/9.1.0/transforms/772ae9e08c8a01c4bf6e4385ed927f0a/transformed/window-1.2.0/AndroidManifest.xml
[   +4 ms] Loading library manifest /root/.gradle/caches/9.1.0/transforms/e1ac4a364ecbe55c7454773bee379d50/transformed/window-java-1.2.0/AndroidManifest.xml
[   +3 ms] Loading library manifest /root/.gradle/caches/9.1.0/transforms/e2dc683cc8aad0e7fe2eb8e2f207accb/transformed/activity-1.8.1/AndroidManifest.xml
[   +4 ms] Loading library manifest /root/.gradle/caches/9.1.0/transforms/70712c1c847b6155e64d46185760cc93/transformed/loader-1.0.0/AndroidManifest.xml
[   +4 ms] Loading library manifest /root/.gradle/caches/9.1.0/transforms/4ef2c3c8b79494a57af0db88b0e45008/transformed/viewpager-1.0.0/AndroidManifest.xml
[  +80 ms] Loading library manifest /root/.gradle/caches/9.1.0/transforms/d930fcd42eb8144af65489d4d968d54c/transformed/lifecycle-livedata-core-ktx-2.7.0/AndroidManifest.xml
[   +4 ms] Loading library manifest /root/.gradle/caches/9.1.0/transforms/5acd76d98f155a15449509e12db4b8d3/transformed/lifecycle-livedata-2.7.0/AndroidManifest.xml
[   +4 ms] Loading library manifest /root/.gradle/caches/9.1.0/transforms/1fbd8996795efd4f534ebb2fcea919c3/transformed/lifecycle-viewmodel-2.7.0/AndroidManifest.xml
[   +8 ms] Loading library manifest /root/.gradle/caches/9.1.0/transforms/c601ee7f6d06a40af0efec426cee93e1/transformed/lifecycle-livedata-core-2.7.0/AndroidManifest.xml
[   +2 ms] Loading library manifest /root/.gradle/caches/9.1.0/transforms/2059872e73de282f84dd0e19fdd52f16/transformed/lifecycle-viewmodel-savedstate-2.7.0/AndroidManifest.xml
[   +3 ms] Loading library manifest /root/.gradle/caches/9.1.0/transforms/9266b0a46348a1576176274269646fec/transformed/core-ktx-1.13.1/AndroidManifest.xml
[  +74 ms] Loading library manifest /root/.gradle/caches/9.1.0/transforms/b8bbb969b7e283f70967e48784ad4e93/transformed/customview-1.0.0/AndroidManifest.xml
[  +11 ms] DexingOutputSplitTransform (Thread[#80,Execution worker Thread 4,5,main]) started.
[ +603 ms] > Task :app:processDebugMainManifest
[   +4 ms] Loading library manifest /root/.gradle/caches/9.1.0/transforms/eec5478395011c5fa8c69b227f51003d/transformed/core-1.13.1/AndroidManifest.xml
[   +4 ms] Loading library manifest /root/.gradle/caches/9.1.0/transforms/08b90a37aeb901f40047779734392dfb/transformed/lifecycle-runtime-2.7.0/AndroidManifest.xml
[   +6 ms] Loading library manifest /root/.gradle/caches/9.1.0/transforms/a63116536f793b245865c367eccef46a/transformed/lifecycle-process-2.7.0/AndroidManifest.xml
[   +3 ms] Loading library manifest /root/.gradle/caches/9.1.0/transforms/12c1aa52fb259f0d05717f57212233d6/transformed/savedstate-1.2.1/AndroidManifest.xml
[   +3 ms] Loading library manifest /root/.gradle/caches/9.1.0/transforms/338c185d3a1fe40bb6bf855ed1545749/transformed/annotation-experimental-1.4.0/AndroidManifest.xml
[   +3 ms] Loading library manifest /root/.gradle/caches/9.1.0/transforms/1215fe33ffb12aa931882370adbb0c84/transformed/profileinstaller-1.3.1/AndroidManifest.xml
[   +2 ms] Loading library manifest /root/.gradle/caches/9.1.0/transforms/9ea7d8fcff13474dcf581dc9b6e962cc/transformed/startup-runtime-1.1.1/AndroidManifest.xml
[   +3 ms] Loading library manifest /root/.gradle/caches/9.1.0/transforms/68030dd01c31411f8f50e9b9297f7aec/transformed/tracing-1.2.0/AndroidManifest.xml
[   +6 ms] Loading library manifest /root/.gradle/caches/9.1.0/transforms/73f08357a8df04ee04eaeaaf95eb6f48/transformed/exifinterface-1.4.1/AndroidManifest.xml
[   +2 ms] Loading library manifest /root/.gradle/caches/9.1.0/transforms/2dab877885e55446461b58a85fd747bb/transformed/core-runtime-2.2.0/AndroidManifest.xml
[   +2 ms] Loading library manifest /root/.gradle/caches/9.1.0/transforms/c1d738cbab59b9507e1a574eae6761fc/transformed/versionedparcelable-1.1.1/AndroidManifest.xml
[   +2 ms] Loading library manifest /root/.gradle/caches/9.1.0/transforms/6f5b9fdce57ed5c5691e92cd08987fdf/transformed/interpolator-1.0.0/AndroidManifest.xml
[   +2 ms] Loading library manifest /root/.gradle/caches/9.1.0/transforms/7866ad656b8189fa4a84fe8a04a399dd/transformed/core-1.0.0/AndroidManifest.xml
[   +3 ms] Loading library manifest /root/.gradle/caches/9.1.0/transforms/e2370935dbcae64b254089d35831ce06/transformed/relinker-1.4.5/AndroidManifest.xml
[   +3 ms] Merging flavors and build manifest /data/data/com.termux/files/home/llano_music_app/android/app/src/debug/AndroidManifest.xml 
[   +4 ms] Merging main manifest /data/data/com.termux/files/home/llano_music_app/android/app/src/main/AndroidManifest.xml
[   +4 ms] Merging manifest with lower AndroidManifest.xml:1:1-45:12
[   +2 ms] Adopted [application: null]
[   +2 ms] Adopted [queries: null]
[   +2 ms] Merging library manifest /data/data/com.termux/files/home/llano_music_app/build/jni_flutter/intermediates/merged_manifest/debug/processDebugManifest/AndroidManifest.xml
[   +2 ms] Merging manifest with lower [:jni_flutter] AndroidManifest.xml:2:1-7:12
[   +1 ms] uses-sdk defined in both files...
[   +2 ms] Merging uses-sdk with lower [:jni_flutter] AndroidManifest.xml:5:5-44
[   +3 ms] Merging library manifest /data/data/com.termux/files/home/llano_music_app/build/jni/intermediates/merged_manifest/debug/processDebugManifest/AndroidManifest.xml
[   +2 ms] Merging manifest with lower [:jni] AndroidManifest.xml:2:1-7:12
[   +2 ms] uses-sdk defined in both files...
[   +3 ms] Merging uses-sdk with lower [:jni] AndroidManifest.xml:5:5-44
[   +1 ms] Merging library manifest /data/data/com.termux/files/home/llano_music_app/build/audioplayers_android/intermediates/merged_manifest/debug/processDebugManifest/AndroidManifest.xml
[   +3 ms] Merging manifest with lower [:audioplayers_android] AndroidManifest.xml:2:1-7:12
[   +2 ms] uses-sdk defined in both files...
[   +3 ms] Merging uses-sdk with lower [:audioplayers_android] AndroidManifest.xml:5:5-44
[   +2 ms] Merging library manifest /root/.gradle/caches/9.1.0/transforms/239b4fc20314868607db35a296f7fcb2/transformed/fragment-1.7.1/AndroidManifest.xml
[   +2 ms] Merging manifest with lower [androidx.fragment:fragment:1.7.1] AndroidManifest.xml:2:1-7:12
[   +2 ms] uses-sdk defined in both files...
[   +2 ms] Merging uses-sdk with lower [androidx.fragment:fragment:1.7.1] AndroidManifest.xml:5:5-44
[   +3 ms] Merging library manifest /root/.gradle/caches/9.1.0/transforms/772ae9e08c8a01c4bf6e4385ed927f0a/transformed/window-1.2.0/AndroidManifest.xml
[   +2 ms] Merging manifest with lower [androidx.window:window:1.2.0] AndroidManifest.xml:17:1-31:12
[   +3 ms] uses-sdk defined in both files...
[   +3 ms] Merging uses-sdk with lower [androidx.window:window:1.2.0] AndroidManifest.xml:20:5-44
[   +2 ms] application defined in both files...
[   +2 ms] Merging application with lower [androidx.window:window:1.2.0] AndroidManifest.xml:22:5-29:19
[   +2 ms] Adopted [uses-library: null]
[   +2 ms] Adopted [uses-library: null]
[   +3 ms] Merging library manifest /root/.gradle/caches/9.1.0/transforms/e1ac4a364ecbe55c7454773bee379d50/transformed/window-java-1.2.0/AndroidManifest.xml
[   +2 ms] Merging manifest with lower [androidx.window:window-java:1.2.0] AndroidManifest.xml:17:1-21:12
[   +2 ms] uses-sdk defined in both files...
[   +2 ms] Merging uses-sdk with lower [androidx.window:window-java:1.2.0] AndroidManifest.xml:19:5-44
[   +2 ms] Merging library manifest /root/.gradle/caches/9.1.0/transforms/e2dc683cc8aad0e7fe2eb8e2f207accb/transformed/activity-1.8.1/AndroidManifest.xml
[   +3 ms] Merging manifest with lower [androidx.activity:activity:1.8.1] AndroidManifest.xml:17:1-22:12
[   +2 ms] uses-sdk defined in both files...
[   +2 ms] Merging uses-sdk with lower [androidx.activity:activity:1.8.1] AndroidManifest.xml:20:5-44
[   +3 ms] Merging library manifest /root/.gradle/caches/9.1.0/transforms/70712c1c847b6155e64d46185760cc93/transformed/loader-1.0.0/AndroidManifest.xml
[   +2 ms] Merging manifest with lower [androidx.loader:loader:1.0.0] AndroidManifest.xml:17:1-22:12
[   +2 ms] uses-sdk defined in both files...
[   +1 ms] Merging uses-sdk with lower [androidx.loader:loader:1.0.0] AndroidManifest.xml:20:5-44
[   +1 ms] Merging library manifest /root/.gradle/caches/9.1.0/transforms/4ef2c3c8b79494a57af0db88b0e45008/transformed/viewpager-1.0.0/AndroidManifest.xml
[   +1 ms] Merging manifest with lower [androidx.viewpager:viewpager:1.0.0] AndroidManifest.xml:17:1-22:12
[   +1 ms] uses-sdk defined in both files...
[   +1 ms] Merging uses-sdk with lower [androidx.viewpager:viewpager:1.0.0] AndroidManifest.xml:20:5-44
[   +2 ms] Merging library manifest /root/.gradle/caches/9.1.0/transforms/d930fcd42eb8144af65489d4d968d54c/transformed/lifecycle-livedata-core-ktx-2.7.0/AndroidManifest.xml
[   +1 ms] Merging manifest with lower [androidx.lifecycle:lifecycle-livedata-core-ktx:2.7.0] AndroidManifest.xml:2:1-7:12
[   +1 ms] uses-sdk defined in both files...
[   +2 ms] Merging uses-sdk with lower [androidx.lifecycle:lifecycle-livedata-core-ktx:2.7.0] AndroidManifest.xml:5:5-44
[   +1 ms] Merging library manifest /root/.gradle/caches/9.1.0/transforms/5acd76d98f155a15449509e12db4b8d3/transformed/lifecycle-livedata-2.7.0/AndroidManifest.xml
[   +1 ms] Merging manifest with lower [androidx.lifecycle:lifecycle-livedata:2.7.0] AndroidManifest.xml:17:1-22:12
[   +2 ms] uses-sdk defined in both files...
[   +2 ms] Merging uses-sdk with lower [androidx.lifecycle:lifecycle-livedata:2.7.0] AndroidManifest.xml:20:5-44
[   +2 ms] Merging library manifest /root/.gradle/caches/9.1.0/transforms/1fbd8996795efd4f534ebb2fcea919c3/transformed/lifecycle-viewmodel-2.7.0/AndroidManifest.xml
[   +3 ms] Merging manifest with lower [androidx.lifecycle:lifecycle-viewmodel:2.7.0] AndroidManifest.xml:17:1-22:12
[   +1 ms] uses-sdk defined in both files...
[   +1 ms] Merging uses-sdk with lower [androidx.lifecycle:lifecycle-viewmodel:2.7.0] AndroidManifest.xml:20:5-44
[   +2 ms] Merging library manifest /root/.gradle/caches/9.1.0/transforms/c601ee7f6d06a40af0efec426cee93e1/transformed/lifecycle-livedata-core-2.7.0/AndroidManifest.xml
[   +1 ms] Merging manifest with lower [androidx.lifecycle:lifecycle-livedata-core:2.7.0] AndroidManifest.xml:17:1-22:12
[   +1 ms] uses-sdk defined in both files...
[   +2 ms] Merging uses-sdk with lower [androidx.lifecycle:lifecycle-livedata-core:2.7.0] AndroidManifest.xml:20:5-44
[   +1 ms] Merging library manifest /root/.gradle/caches/9.1.0/transforms/2059872e73de282f84dd0e19fdd52f16/transformed/lifecycle-viewmodel-savedstate-2.7.0/AndroidManifest.xml
[   +2 ms] Merging manifest with lower [androidx.lifecycle:lifecycle-viewmodel-savedstate:2.7.0] AndroidManifest.xml:17:1-22:12
[   +3 ms] uses-sdk defined in both files...
[   +2 ms] Merging uses-sdk with lower [androidx.lifecycle:lifecycle-viewmodel-savedstate:2.7.0] AndroidManifest.xml:20:5-44
[   +1 ms] Merging library manifest /root/.gradle/caches/9.1.0/transforms/9266b0a46348a1576176274269646fec/transformed/core-ktx-1.13.1/AndroidManifest.xml
[   +1 ms] Merging manifest with lower [androidx.core:core-ktx:1.13.1] AndroidManifest.xml:2:1-7:12
[   +1 ms] uses-sdk defined in both files...
[   +1 ms] Merging uses-sdk with lower [androidx.core:core-ktx:1.13.1] AndroidManifest.xml:5:5-44
[   +2 ms] Merging library manifest /root/.gradle/caches/9.1.0/transforms/b8bbb969b7e283f70967e48784ad4e93/transformed/customview-1.0.0/AndroidManifest.xml
[   +1 ms] Merging manifest with lower [androidx.customview:customview:1.0.0] AndroidManifest.xml:17:1-22:12
[   +1 ms] uses-sdk defined in both files...
[   +2 ms] Merging uses-sdk with lower [androidx.customview:customview:1.0.0] AndroidManifest.xml:20:5-44
[   +1 ms] Merging library manifest /root/.gradle/caches/9.1.0/transforms/eec5478395011c5fa8c69b227f51003d/transformed/core-1.13.1/AndroidManifest.xml
[   +1 ms] Merging manifest with lower [androidx.core:core:1.13.1] AndroidManifest.xml:17:1-30:12
[   +1 ms] uses-sdk defined in both files...
[  +59 ms] Merging uses-sdk with lower [androidx.core:core:1.13.1] AndroidManifest.xml:20:5-44
[   +4 ms] Adopted [permission: null]
[   +2 ms] Adopted [uses-permission: null]
[   +3 ms] application defined in both files...
[   +4 ms] Merging application with lower [androidx.core:core:1.13.1] AndroidManifest.xml:28:5-89
[   +6 ms] Merging library manifest /root/.gradle/caches/9.1.0/transforms/08b90a37aeb901f40047779734392dfb/transformed/lifecycle-runtime-2.7.0/AndroidManifest.xml
[   +4 ms] Merging manifest with lower [androidx.lifecycle:lifecycle-runtime:2.7.0] AndroidManifest.xml:2:1-7:12
[   +4 ms] uses-sdk defined in both files...
[   +2 ms] Merging uses-sdk with lower [androidx.lifecycle:lifecycle-runtime:2.7.0] AndroidManifest.xml:5:5-44
[   +2 ms] Merging library manifest /root/.gradle/caches/9.1.0/transforms/a63116536f793b245865c367eccef46a/transformed/lifecycle-process-2.7.0/AndroidManifest.xml
[   +4 ms] Merging manifest with lower [androidx.lifecycle:lifecycle-process:2.7.0] AndroidManifest.xml:17:1-35:12
[   +2 ms] uses-sdk defined in both files...
[   +2 ms] Merging uses-sdk with lower [androidx.lifecycle:lifecycle-process:2.7.0] AndroidManifest.xml:21:5-44
[   +2 ms] application defined in both files...
[   +1 ms] Merging application with lower [androidx.lifecycle:lifecycle-process:2.7.0] AndroidManifest.xml:23:5-33:19
[   +1 ms] Adopted [provider: null]
[   +2 ms] Merging library manifest /root/.gradle/caches/9.1.0/transforms/12c1aa52fb259f0d05717f57212233d6/transformed/savedstate-1.2.1/AndroidManifest.xml
[   +3 ms] Merging manifest with lower [androidx.savedstate:savedstate:1.2.1] AndroidManifest.xml:17:1-22:12
[   +3 ms] uses-sdk defined in both files...
[   +3 ms] Merging uses-sdk with lower [androidx.savedstate:savedstate:1.2.1] AndroidManifest.xml:20:5-44
[   +2 ms] Merging library manifest /root/.gradle/caches/9.1.0/transforms/338c185d3a1fe40bb6bf855ed1545749/transformed/annotation-experimental-1.4.0/AndroidManifest.xml
[   +2 ms] Merging manifest with lower [androidx.annotation:annotation-experimental:1.4.0] AndroidManifest.xml:2:1-7:12
[   +2 ms] uses-sdk defined in both files...
[   +3 ms] Merging uses-sdk with lower [androidx.annotation:annotation-experimental:1.4.0] AndroidManifest.xml:5:5-44
[   +2 ms] Merging library manifest /root/.gradle/caches/9.1.0/transforms/1215fe33ffb12aa931882370adbb0c84/transformed/profileinstaller-1.3.1/AndroidManifest.xml
[   +3 ms] Merging manifest with lower [androidx.profileinstaller:profileinstaller:1.3.1] AndroidManifest.xml:17:1-55:12
[   +1 ms] uses-sdk defined in both files...
[   +2 ms] Merging uses-sdk with lower [androidx.profileinstaller:profileinstaller:1.3.1] AndroidManifest.xml:21:5-44
[   +2 ms] application defined in both files...
[   +2 ms] Merging application with lower [androidx.profileinstaller:profileinstaller:1.3.1] AndroidManifest.xml:23:5-53:19
[   +2 ms] provider#androidx.startup.InitializationProvider defined in both files...
[   +2 ms] Merging provider#androidx.startup.InitializationProvider with lower [androidx.profileinstaller:profileinstaller:1.3.1] AndroidManifest.xml:24:9-32:20
[   +3 ms] Adopted [meta-data: null]
[   +2 ms] Adopted [receiver: null]
[   +3 ms] Merging library manifest /root/.gradle/caches/9.1.0/transforms/9ea7d8fcff13474dcf581dc9b6e962cc/transformed/startup-runtime-1.1.1/AndroidManifest.xml
[   +2 ms] Merging manifest with lower [androidx.startup:startup-runtime:1.1.1] AndroidManifest.xml:17:1-33:12
[   +3 ms] uses-sdk defined in both files...
[   +2 ms] Merging uses-sdk with lower [androidx.startup:startup-runtime:1.1.1] AndroidManifest.xml:21:5-23:41
[   +5 ms] application defined in both files...
[   +3 ms] Merging application with lower [androidx.startup:startup-runtime:1.1.1] AndroidManifest.xml:25:5-31:19
[   +2 ms] provider#androidx.startup.InitializationProvider defined in both files...
[   +1 ms] Merging provider#androidx.startup.InitializationProvider with lower [androidx.startup:startup-runtime:1.1.1] AndroidManifest.xml:26:9-30:34
[   +3 ms] Merging library manifest /root/.gradle/caches/9.1.0/transforms/68030dd01c31411f8f50e9b9297f7aec/transformed/tracing-1.2.0/AndroidManifest.xml
[   +2 ms] Merging manifest with lower [androidx.tracing:tracing:1.2.0] AndroidManifest.xml:17:1-22:12
[   +3 ms] uses-sdk defined in both files...
[   +3 ms] Merging uses-sdk with lower [androidx.tracing:tracing:1.2.0] AndroidManifest.xml:20:5-44
[   +3 ms] Merging library manifest /root/.gradle/caches/9.1.0/transforms/73f08357a8df04ee04eaeaaf95eb6f48/transformed/exifinterface-1.4.1/AndroidManifest.xml
[   +2 ms] Merging manifest with lower [androidx.exifinterface:exifinterface:1.4.1] AndroidManifest.xml:2:1-7:12
[   +4 ms] uses-sdk defined in both files...
[   +3 ms] Merging uses-sdk with lower [androidx.exifinterface:exifinterface:1.4.1] AndroidManifest.xml:5:5-44
[   +3 ms] Merging library manifest /root/.gradle/caches/9.1.0/transforms/2dab877885e55446461b58a85fd747bb/transformed/core-runtime-2.2.0/AndroidManifest.xml
[   +5 ms] Merging manifest with lower [androidx.arch.core:core-runtime:2.2.0] AndroidManifest.xml:17:1-22:12
[   +2 ms] uses-sdk defined in both files...
[   +2 ms] Merging uses-sdk with lower [androidx.arch.core:core-runtime:2.2.0] AndroidManifest.xml:20:5-44
[   +2 ms] Merging library manifest /root/.gradle/caches/9.1.0/transforms/c1d738cbab59b9507e1a574eae6761fc/transformed/versionedparcelable-1.1.1/AndroidManifest.xml
[   +2 ms] Merging manifest with lower [androidx.versionedparcelable:versionedparcelable:1.1.1] AndroidManifest.xml:17:1-27:12
[   +3 ms] uses-sdk defined in both files...
[   +2 ms] Merging uses-sdk with lower [androidx.versionedparcelable:versionedparcelable:1.1.1] AndroidManifest.xml:20:5-22:41
[   +2 ms] application defined in both files...
[   +2 ms] Merging application with lower [androidx.versionedparcelable:versionedparcelable:1.1.1] AndroidManifest.xml:24:5-25:19
[   +3 ms] Merging library manifest /root/.gradle/caches/9.1.0/transforms/6f5b9fdce57ed5c5691e92cd08987fdf/transformed/interpolator-1.0.0/AndroidManifest.xml
[   +3 ms] Merging manifest with lower [androidx.interpolator:interpolator:1.0.0] AndroidManifest.xml:17:1-22:12
[   +3 ms] uses-sdk defined in both files...
[   +6 ms] Merging uses-sdk with lower [androidx.interpolator:interpolator:1.0.0] AndroidManifest.xml:20:5-44
[   +2 ms] Merging library manifest /root/.gradle/caches/9.1.0/transforms/7866ad656b8189fa4a84fe8a04a399dd/transformed/core-1.0.0/AndroidManifest.xml
[   +6 ms] Merging manifest with lower [androidx.window.extensions.core:core:1.0.0] AndroidManifest.xml:2:1-7:12
[   +3 ms] uses-sdk defined in both files...
[   +4 ms] Merging uses-sdk with lower [androidx.window.extensions.core:core:1.0.0] AndroidManifest.xml:5:5-44
[  +15 ms] Merging library manifest /root/.gradle/caches/9.1.0/transforms/e2370935dbcae64b254089d35831ce06/transformed/relinker-1.4.5/AndroidManifest.xml
[   +3 ms] Merging manifest with lower [com.getkeepsafe.relinker:relinker:1.4.5] AndroidManifest.xml:2:1-7:12
[   +1 ms] uses-sdk defined in both files...
[   +1 ms] Merging uses-sdk with lower [com.getkeepsafe.relinker:relinker:1.4.5] AndroidManifest.xml:5:5-43
[   +3 ms] Merging result: SUCCESS
[   +8 ms] 1<?xml version="1.0" encoding="utf-8"?>
[   +4 ms] 2<manifest xmlns:android="http://schemas.android.com/apk/res/android"
[   +2 ms] 3    package="com.example.llano_music_app"
[   +4 ms] 4    android:versionCode="1"
[   +2 ms] 5    android:versionName="1.0.0" >
[   +2 ms] 6
[   +5 ms] 7    <uses-sdk
[   +4 ms] 8        android:minSdkVersion="24"
[  +18 ms] 9        android:targetSdkVersion="36" />
[   +3 ms] 10    <!--
[   +3 ms] 11         The INTERNET permission is required for development. Specifically,
[   +2 ms] 12         the Flutter tool needs it to communicate with the running application
[   +3 ms] 13         to allow setting breakpoints, to provide hot reload, etc.
[   +2 ms] 14    -->
[   +3 ms] 15    <uses-permission android:name="android.permission.INTERNET" />
[   +2 ms] 15-->/data/data/com.termux/files/home/llano_music_app/android/app/src/debug/AndroidManifest.xml:6:5-66
[   +3 ms] 15-->/data/data/com.termux/files/home/llano_music_app/android/app/src/debug/AndroidManifest.xml:6:22-64
[   +2 ms] 16    <!--
[   +5 ms] 17     Required to query activities that can process text, see:
[   +5 ms] 18         https://developer.android.com/training/package-visibility and
[   +2 ms] 19         https://developer.android.com/reference/android/content/Intent#ACTION_PROCESS_TEXT.
[   +3 ms] 20
[  +10 ms] 21         In particular, this is used by the Flutter engine in io.flutter.plugin.text.ProcessTextPlugin.
[   +3 ms] 22    -->
[   +3 ms] 23    <queries>
[   +3 ms] 23-->/data/data/com.termux/files/home/llano_music_app/android/app/src/main/AndroidManifest.xml:39:5-44:15
[   +2 ms] 24        <intent>
[   +3 ms] 24-->/data/data/com.termux/files/home/llano_music_app/android/app/src/main/AndroidManifest.xml:40:9-43:18
[   +4 ms] 25            <action android:name="android.intent.action.PROCESS_TEXT" />
[   +2 ms] 25-->/data/data/com.termux/files/home/llano_music_app/android/app/src/main/AndroidManifest.xml:41:13-72
[   +2 ms] 25-->/data/data/com.termux/files/home/llano_music_app/android/app/src/main/AndroidManifest.xml:41:21-70
[   +5 ms] 26
[   +2 ms] 27            <data android:mimeType="text/plain" />
[   +2 ms] 27-->/data/data/com.termux/files/home/llano_music_app/android/app/src/main/AndroidManifest.xml:42:13-50
[   +2 ms] 27-->/data/data/com.termux/files/home/llano_music_app/android/app/src/main/AndroidManifest.xml:42:19-48
[   +2 ms] 28        </intent>
[   +3 ms] 29    </queries>
[   +3 ms] 30
[   +3 ms] 31    <permission
[   +3 ms] 31-->[androidx.core:core:1.13.1] /root/.gradle/caches/9.1.0/transforms/eec5478395011c5fa8c69b227f51003d/transformed/core-1.13.1/AndroidManifest.xml:22:5-24:47
[   +7 ms] 32        android:name="com.example.llano_music_app.DYNAMIC_RECEIVER_NOT_EXPORTED_PERMISSION"
[   +4 ms] 32-->[androidx.core:core:1.13.1] /root/.gradle/caches/9.1.0/transforms/eec5478395011c5fa8c69b227f51003d/transformed/core-1.13.1/AndroidManifest.xml:23:9-81
[   +8 ms] 33        android:protectionLevel="signature" />
[   +2 ms] 33-->[androidx.core:core:1.13.1] /root/.gradle/caches/9.1.0/transforms/eec5478395011c5fa8c69b227f51003d/transformed/core-1.13.1/AndroidManifest.xml:24:9-44
[   +3 ms] 34
[   +3 ms] 35    <uses-permission android:name="com.example.llano_music_app.DYNAMIC_RECEIVER_NOT_EXPORTED_PERMISSION" />
[   +9 ms] 35-->[androidx.core:core:1.13.1] /root/.gradle/caches/9.1.0/transforms/eec5478395011c5fa8c69b227f51003d/transformed/core-1.13.1/AndroidManifest.xml:26:5-97
[   +4 ms] 35-->[androidx.core:core:1.13.1] /root/.gradle/caches/9.1.0/transforms/eec5478395011c5fa8c69b227f51003d/transformed/core-1.13.1/AndroidManifest.xml:26:22-94
[   +4 ms] 36
[   +3 ms] 37    <application
[   +3 ms] 38        android:name="android.app.Application"
[   +3 ms] 39        android:appComponentFactory="androidx.core.app.CoreComponentFactory"
[   +3 ms] 39-->[androidx.core:core:1.13.1] /root/.gradle/caches/9.1.0/transforms/eec5478395011c5fa8c69b227f51003d/transformed/core-1.13.1/AndroidManifest.xml:28:18-86
[   +4 ms] 40        android:debuggable="true"
[   +2 ms] 41        android:extractNativeLibs="false"
[   +4 ms] 42        android:icon="@mipmap/ic_launcher"
[   +8 ms] 43        android:label="llano_music_app" >
[  +12 ms] 44        <activity
[   +8 ms] 45            android:name="com.example.llano_music_app.MainActivity"
[   +3 ms] 46            android:configChanges="orientation|keyboardHidden|keyboard|screenSize|smallestScreenSize|locale|layoutDirection|fontScale|screenLayout|density|uiMode"
[   +2 ms] 47            android:exported="true"
[   +5 ms] 48            android:hardwareAccelerated="true"
[   +8 ms] 49            android:launchMode="singleTop"
[   +3 ms] 50            android:taskAffinity=""
[   +3 ms] 51            android:theme="@style/LaunchTheme"
[   +2 ms] 52            android:windowSoftInputMode="adjustResize" >
[   +3 ms] 53
[   +3 ms] 54            <!--
[   +9 ms] 55                 Specifies an Android theme to apply to this Activity as soon as
[   +9 ms] 56                 the Android process has started. This theme is visible to the user
[  +10 ms] 57                 while the Flutter UI initializes. After that, this theme continues
[   +6 ms] 58                 to determine the Window background behind the Flutter UI.
[   +7 ms] 59            -->
[  +10 ms] 60            <meta-data
[   +8 ms] 61                android:name="io.flutter.embedding.android.NormalTheme"
[   +3 ms] 62                android:resource="@style/NormalTheme" />
[   +1 ms] 63
[  +12 ms] 64            <intent-filter>
[   +3 ms] 65                <action android:name="android.intent.action.MAIN" />
[   +5 ms] 66
[   +4 ms] 67                <category android:name="android.intent.category.LAUNCHER" />
[   +3 ms] 68            </intent-filter>
[   +4 ms] 69        </activity>
[   +7 ms] 70        <!--
[   +4 ms] 71             Don't delete the meta-data below.
[   +3 ms] 72             This is used by the Flutter tool to generate GeneratedPluginRegistrant.java
[   +2 ms] 73        -->
[   +3 ms] 74        <meta-data
[   +5 ms] 75            android:name="flutterEmbedding"
[   +2 ms] 76            android:value="2" />
[   +5 ms] 77
[   +3 ms] 78        <uses-library
[   +5 ms] 78-->[androidx.window:window:1.2.0] /root/.gradle/caches/9.1.0/transforms/772ae9e08c8a01c4bf6e4385ed927f0a/transformed/window-1.2.0/AndroidManifest.xml:23:9-25:40
[   +3 ms] 79            android:name="androidx.window.extensions"
[   +5 ms] 79-->[androidx.window:window:1.2.0] /root/.gradle/caches/9.1.0/transforms/772ae9e08c8a01c4bf6e4385ed927f0a/transformed/window-1.2.0/AndroidManifest.xml:24:13-54
[   +6 ms] 80            android:required="false" />
[   +6 ms] 80-->[androidx.window:window:1.2.0] /root/.gradle/caches/9.1.0/transforms/772ae9e08c8a01c4bf6e4385ed927f0a/transformed/window-1.2.0/AndroidManifest.xml:25:13-37
[   +2 ms] 81        <uses-library
[  +11 ms] 81-->[androidx.window:window:1.2.0] /root/.gradle/caches/9.1.0/transforms/772ae9e08c8a01c4bf6e4385ed927f0a/transformed/window-1.2.0/AndroidManifest.xml:26:9-28:40
[   +4 ms] 82            android:name="androidx.window.sidecar"
[   +4 ms] 82-->[androidx.window:window:1.2.0] /root/.gradle/caches/9.1.0/transforms/772ae9e08c8a01c4bf6e4385ed927f0a/transformed/window-1.2.0/AndroidManifest.xml:27:13-51
[   +3 ms] 83            android:required="false" />
[   +2 ms] 83-->[androidx.window:window:1.2.0] /root/.gradle/caches/9.1.0/transforms/772ae9e08c8a01c4bf6e4385ed927f0a/transformed/window-1.2.0/AndroidManifest.xml:28:13-37
[   +2 ms] 84
[   +3 ms] 85        <provider
[   +3 ms] 85-->[androidx.lifecycle:lifecycle-process:2.7.0] /root/.gradle/caches/9.1.0/transforms/a63116536f793b245865c367eccef46a/transformed/lifecycle-process-2.7.0/AndroidManifest.xml:24:9-32:20
[   +2 ms] 86            android:name="androidx.startup.InitializationProvider"
[   +6 ms] 86-->[androidx.lifecycle:lifecycle-process:2.7.0] /root/.gradle/caches/9.1.0/transforms/a63116536f793b245865c367eccef46a/transformed/lifecycle-process-2.7.0/AndroidManifest.xml:25:13-67
[   +2 ms] 87            android:authorities="com.example.llano_music_app.androidx-startup"
[   +3 ms] 87-->[androidx.lifecycle:lifecycle-process:2.7.0] /root/.gradle/caches/9.1.0/transforms/a63116536f793b245865c367eccef46a/transformed/lifecycle-process-2.7.0/AndroidManifest.xml:26:13-68
[   +2 ms] 88            android:exported="false" >
[   +4 ms] 88-->[androidx.lifecycle:lifecycle-process:2.7.0] /root/.gradle/caches/9.1.0/transforms/a63116536f793b245865c367eccef46a/transformed/lifecycle-process-2.7.0/AndroidManifest.xml:27:13-37
[   +3 ms] 89            <meta-data
[   +3 ms] 89-->[androidx.lifecycle:lifecycle-process:2.7.0] /root/.gradle/caches/9.1.0/transforms/a63116536f793b245865c367eccef46a/transformed/lifecycle-process-2.7.0/AndroidManifest.xml:29:13-31:52
[   +8 ms] 90                android:name="androidx.lifecycle.ProcessLifecycleInitializer"
[   +2 ms] 90-->[androidx.lifecycle:lifecycle-process:2.7.0] /root/.gradle/caches/9.1.0/transforms/a63116536f793b245865c367eccef46a/transformed/lifecycle-process-2.7.0/AndroidManifest.xml:30:17-78
[   +3 ms] 91                android:value="androidx.startup" />
[   +5 ms] 91-->[androidx.lifecycle:lifecycle-process:2.7.0] /root/.gradle/caches/9.1.0/transforms/a63116536f793b245865c367eccef46a/transformed/lifecycle-process-2.7.0/AndroidManifest.xml:31:17-49
[   +5 ms] 92            <meta-data
[   +5 ms] 92-->[androidx.profileinstaller:profileinstaller:1.3.1] /root/.gradle/caches/9.1.0/transforms/1215fe33ffb12aa931882370adbb0c84/transformed/profileinstaller-1.3.1/AndroidManifest.xml:29:13-31:52
[   +4 ms] 93                android:name="androidx.profileinstaller.ProfileInstallerInitializer"
[   +3 ms] 93-->[androidx.profileinstaller:profileinstaller:1.3.1] /root/.gradle/caches/9.1.0/transforms/1215fe33ffb12aa931882370adbb0c84/transformed/profileinstaller-1.3.1/AndroidManifest.xml:30:17-85
[   +5 ms] 94                android:value="androidx.startup" />
[   +3 ms] 94-->[androidx.profileinstaller:profileinstaller:1.3.1] /root/.gradle/caches/9.1.0/transforms/1215fe33ffb12aa931882370adbb0c84/transformed/profileinstaller-1.3.1/AndroidManifest.xml:31:17-49
[   +2 ms] 95        </provider>
[   +4 ms] 96
[   +3 ms] 97        <receiver
[   +6 ms] 97-->[androidx.profileinstaller:profileinstaller:1.3.1] /root/.gradle/caches/9.1.0/transforms/1215fe33ffb12aa931882370adbb0c84/transformed/profileinstaller-1.3.1/AndroidManifest.xml:34:9-52:20
[   +4 ms] 98            android:name="androidx.profileinstaller.ProfileInstallReceiver"
[   +5 ms] 98-->[androidx.profileinstaller:profileinstaller:1.3.1] /root/.gradle/caches/9.1.0/transforms/1215fe33ffb12aa931882370adbb0c84/transformed/profileinstaller-1.3.1/AndroidManifest.xml:35:13-76
[   +6 ms] 99            android:directBootAware="false"
[  +11 ms] 99-->[androidx.profileinstaller:profileinstaller:1.3.1] /root/.gradle/caches/9.1.0/transforms/1215fe33ffb12aa931882370adbb0c84/transformed/profileinstaller-1.3.1/AndroidManifest.xml:36:13-44
[   +2 ms] 100            android:enabled="true"
[   +2 ms] 100-->[androidx.profileinstaller:profileinstaller:1.3.1] /root/.gradle/caches/9.1.0/transforms/1215fe33ffb12aa931882370adbb0c84/transformed/profileinstaller-1.3.1/AndroidManifest.xml:37:13-35
[   +3 ms] 101            android:exported="true"
[   +3 ms] 101-->[androidx.profileinstaller:profileinstaller:1.3.1] /root/.gradle/caches/9.1.0/transforms/1215fe33ffb12aa931882370adbb0c84/transformed/profileinstaller-1.3.1/AndroidManifest.xml:38:13-36
[   +2 ms] 102            android:permission="android.permission.DUMP" >
[   +3 ms] 102-->[androidx.profileinstaller:profileinstaller:1.3.1] /root/.gradle/caches/9.1.0/transforms/1215fe33ffb12aa931882370adbb0c84/transformed/profileinstaller-1.3.1/AndroidManifest.xml:39:13-57
[   +6 ms] 103            <intent-filter>
[   +2 ms] 103-->[androidx.profileinstaller:profileinstaller:1.3.1] /root/.gradle/caches/9.1.0/transforms/1215fe33ffb12aa931882370adbb0c84/transformed/profileinstaller-1.3.1/AndroidManifest.xml:40:13-42:29
[   +3 ms] 104                <action android:name="androidx.profileinstaller.action.INSTALL_PROFILE" />
[   +3 ms] 104-->[androidx.profileinstaller:profileinstaller:1.3.1] /root/.gradle/caches/9.1.0/transforms/1215fe33ffb12aa931882370adbb0c84/transformed/profileinstaller-1.3.1/AndroidManifest.xml:41:17-91
[   +5 ms] 104-->[androidx.profileinstaller:profileinstaller:1.3.1] /root/.gradle/caches/9.1.0/transforms/1215fe33ffb12aa931882370adbb0c84/transformed/profileinstaller-1.3.1/AndroidManifest.xml:41:25-88
[   +3 ms] 105            </intent-filter>
[   +5 ms] 106            <intent-filter>
[   +3 ms] 106-->[androidx.profileinstaller:profileinstaller:1.3.1] /root/.gradle/caches/9.1.0/transforms/1215fe33ffb12aa931882370adbb0c84/transformed/profileinstaller-1.3.1/AndroidManifest.xml:43:13-45:29
[   +3 ms] 107                <action android:name="androidx.profileinstaller.action.SKIP_FILE" />
[   +6 ms] 107-->[androidx.profileinstaller:profileinstaller:1.3.1] /root/.gradle/caches/9.1.0/transforms/1215fe33ffb12aa931882370adbb0c84/transformed/profileinstaller-1.3.1/AndroidManifest.xml:44:17-85
[   +2 ms] 107-->[androidx.profileinstaller:profileinstaller:1.3.1] /root/.gradle/caches/9.1.0/transforms/1215fe33ffb12aa931882370adbb0c84/transformed/profileinstaller-1.3.1/AndroidManifest.xml:44:25-82
[   +2 ms] 108            </intent-filter>
[   +2 ms] 109            <intent-filter>
[   +2 ms] 109-->[androidx.profileinstaller:profileinstaller:1.3.1] /root/.gradle/caches/9.1.0/transforms/1215fe33ffb12aa931882370adbb0c84/transformed/profileinstaller-1.3.1/AndroidManifest.xml:46:13-48:29
[   +2 ms] 110                <action android:name="androidx.profileinstaller.action.SAVE_PROFILE" />
[   +3 ms] 110-->[androidx.profileinstaller:profileinstaller:1.3.1] /root/.gradle/caches/9.1.0/transforms/1215fe33ffb12aa931882370adbb0c84/transformed/profileinstaller-1.3.1/AndroidManifest.xml:47:17-88
[   +6 ms] 110-->[androidx.profileinstaller:profileinstaller:1.3.1] /root/.gradle/caches/9.1.0/transforms/1215fe33ffb12aa931882370adbb0c84/transformed/profileinstaller-1.3.1/AndroidManifest.xml:47:25-85
[   +3 ms] 111            </intent-filter>
[   +2 ms] 112            <intent-filter>
[   +9 ms] 112-->[androidx.profileinstaller:profileinstaller:1.3.1] /root/.gradle/caches/9.1.0/transforms/1215fe33ffb12aa931882370adbb0c84/transformed/profileinstaller-1.3.1/AndroidManifest.xml:49:13-51:29
[   +4 ms] 113                <action android:name="androidx.profileinstaller.action.BENCHMARK_OPERATION" />
[   +2 ms] 113-->[androidx.profileinstaller:profileinstaller:1.3.1] /root/.gradle/caches/9.1.0/transforms/1215fe33ffb12aa931882370adbb0c84/transformed/profileinstaller-1.3.1/AndroidManifest.xml:50:17-95
[   +2 ms] 113-->[androidx.profileinstaller:profileinstaller:1.3.1] /root/.gradle/caches/9.1.0/transforms/1215fe33ffb12aa931882370adbb0c84/transformed/profileinstaller-1.3.1/AndroidManifest.xml:50:25-92
[   +2 ms] 114            </intent-filter>
[   +4 ms] 115        </receiver>
[   +4 ms] 116    </application>
[   +3 ms] 117
[   +4 ms] 118</manifest>
[   +8 ms] Merged manifest saved to /data/data/com.termux/files/home/llano_music_app/build/app/intermediates/merged_manifest/debug/processDebugMainManifest/AndroidManifest.xml
[   +4 ms] Resolve mutations for :app:outputDebugAppLinkSettings (Thread[#77,Execution worker,5,main]) started.
[   +4 ms] :app:outputDebugAppLinkSettings (Thread[#77,Execution worker,5,main]) started.
[  +11 ms] > Task :app:outputDebugAppLinkSettings
[   +3 ms] Caching disabled for task ':app:outputDebugAppLinkSettings' because:
[   +4 ms]   Build cache is disabled
[   +2 ms]   Caching has not been enabled for the task
[   +3 ms] Task ':app:outputDebugAppLinkSettings' is not up-to-date because:
[   +8 ms]   Output property 'deepLinkJson' file /data/data/com.termux/files/home/llano_music_app/build/app/deeplink.json has been removed.
[   +5 ms]   Output property 'updatedManifest' file /data/data/com.termux/files/home/llano_music_app/build/app/intermediates/merged_manifest/debug/outputDebugAppLinkSettings/AndroidManifest.xml has been removed.
[   +8 ms] Resolve mutations for :app:processDebugManifest (Thread[#80,Execution worker Thread 4,5,main]) started.
[   +7 ms] :app:processDebugManifest (Thread[#80,Execution worker Thread 4,5,main]) started.
[ +505 ms] > Task :app:processDebugManifest
[   +7 ms] Caching disabled for task ':app:processDebugManifest' because:
[   +3 ms]   Build cache is disabled
[   +2 ms] Task ':app:processDebugManifest' is not up-to-date because:
[   +2 ms]   Output property 'multiApkManifestOutputDirectory' file /data/data/com.termux/files/home/llano_music_app/build/app/intermediates/merged_manifests/debug/processDebugManifest has been removed.
[   +8 ms]   Output property 'multiApkManifestOutputDirectory' file /data/data/com.termux/files/home/llano_music_app/build/app/intermediates/merged_manifests/debug/processDebugManifest/AndroidManifest.xml has been removed.
[   +4 ms]   Output property 'multiApkManifestOutputDirectory' file /data/data/com.termux/files/home/llano_music_app/build/app/intermediates/merged_manifests/debug/processDebugManifest/output-metadata.json has been removed.
[   +3 ms] Resolve mutations for :app:processDebugManifestForPackage (Thread[#80,Execution worker Thread 4,5,main]) started.
[  +90 ms] :app:processDebugManifestForPackage (Thread[#80,Execution worker Thread 4,5,main]) started.
[ +171 ms] :jni:compileDebugLibraryResources (Thread[#77,Execution worker,5,main]) started.
[ +306 ms] Resolve mutations for :jni_flutter:compileDebugLibraryResources (Thread[#78,Execution worker Thread 2,5,main]) started.
[  +11 ms] :jni_flutter:compileDebugLibraryResources (Thread[#78,Execution worker Thread 2,5,main]) started.
[   +3 ms] > Task :jni:compileDebugLibraryResources
[   +4 ms] Caching disabled for task ':jni:compileDebugLibraryResources' because:
[  +10 ms]   Build cache is disabled
[   +3 ms] Task ':jni:compileDebugLibraryResources' is not up-to-date because:
[   +9 ms]   Output property 'outputDir' file /data/data/com.termux/files/home/llano_music_app/build/jni/intermediates/compiled_local_resources/debug/compileDebugLibraryResources/out has been removed.
[   +4 ms] The input changes require a full rebuild for incremental task ':jni:compileDebugLibraryResources'.
[ +161 ms] work action resolve out (project :jni) (Thread[#77,Execution worker,5,main]) started.
[  +13 ms] Resolve mutations for :jni:processDebugJavaRes (Thread[#77,Execution worker,5,main]) started.
[   +3 ms] :jni:processDebugJavaRes (Thread[#77,Execution worker,5,main]) started.
[   +3 ms] > Task :jni_flutter:compileDebugLibraryResources
[   +4 ms] Caching disabled for task ':jni_flutter:compileDebugLibraryResources' because:
[   +6 ms]   Build cache is disabled
[   +2 ms] Task ':jni_flutter:compileDebugLibraryResources' is not up-to-date because:
[   +7 ms]   Output property 'outputDir' file /data/data/com.termux/files/home/llano_music_app/build/jni_flutter/intermediates/compiled_local_resources/debug/compileDebugLibraryResources/out has been removed.
[   +9 ms] The input changes require a full rebuild for incremental task ':jni_flutter:compileDebugLibraryResources'.
[  +38 ms] > Task :jni:processDebugJavaRes NO-SOURCE
[   +4 ms] file or directory '/root/.pub-cache/hosted/pub.dev/jni-1.0.0/android/src/main/resources', not found
[   +3 ms] file or directory '/root/.pub-cache/hosted/pub.dev/jni-1.0.0/android/src/debug/resources', not found
[   +6 ms] Skipping task ':jni:processDebugJavaRes' as it has no source files and no previous output files.
[   +4 ms] work action resolve out (project :jni_flutter) (Thread[#77,Execution worker,5,main]) started.
[   +7 ms] work action resolve out (project :jni) (Thread[#77,Execution worker,5,main]) started.
[   +6 ms] Resolve mutations for :jni_flutter:processDebugJavaRes (Thread[#77,Execution worker,5,main]) started.
[  +75 ms] :jni_flutter:processDebugJavaRes (Thread[#77,Execution worker,5,main]) started.
[   +6 ms] > Task :jni_flutter:processDebugJavaRes NO-SOURCE
[   +2 ms] file or directory '/root/.pub-cache/hosted/pub.dev/jni_flutter-1.0.1/android/src/main/resources', not found
[   +4 ms] file or directory '/root/.pub-cache/hosted/pub.dev/jni_flutter-1.0.1/android/src/debug/resources', not found
[   +5 ms] Skipping task ':jni_flutter:processDebugJavaRes' as it has no source files and no previous output files.
[ +204 ms] work action resolve out (project :jni_flutter) (Thread[#77,Execution worker,5,main]) started.
[   +6 ms] Resolve mutations for :app:checkDebugDuplicateClasses (Thread[#83,Execution worker Thread 7,5,main]) started.
[   +4 ms] :app:checkDebugDuplicateClasses (Thread[#83,Execution worker Thread 7,5,main]) started.
[ +876 ms] > Task :app:processDebugManifestForPackage
[   +3 ms] Custom actions are attached to task ':app:processDebugManifestForPackage'.
[   +6 ms] Caching disabled for task ':app:processDebugManifestForPackage' because:
[   +4 ms]   Build cache is disabled
[   +4 ms] Task ':app:processDebugManifestForPackage' is not up-to-date because:
[   +6 ms]   Output property 'packageManifests' file /data/data/com.termux/files/home/llano_music_app/build/app/intermediates/packaged_manifests/debug/processDebugManifestForPackage has been removed.
[   +3 ms]   Output property 'packageManifests' file /data/data/com.termux/files/home/llano_music_app/build/app/intermediates/packaged_manifests/debug/processDebugManifestForPackage/AndroidManifest.xml has been removed.
[   +3 ms]   Output property 'packageManifests' file /data/data/com.termux/files/home/llano_music_app/build/app/intermediates/packaged_manifests/debug/processDebugManifestForPackage/output-metadata.json has been removed.
[ +146 ms] Resolve mutations for :jni_flutter:bundleLibRuntimeToDirDebug (Thread[#153,included builds Thread 2,5,main]) started.
[   +2 ms] :jni_flutter:bundleLibRuntimeToDirDebug (Thread[#153,included builds Thread 2,5,main]) started.
[ +100 ms] Resolve mutations for :jni:bundleLibRuntimeToDirDebug (Thread[#81,Execution worker Thread 5,5,main]) started.
[   +5 ms] :jni:bundleLibRuntimeToDirDebug (Thread[#81,Execution worker Thread 5,5,main]) started.
[ +109 ms] Resolve mutations for :app:configureCMakeDebug[arm64-v8a] (Thread[#82,Execution worker Thread 6,5,main]) started.
[  +17 ms] :app:configureCMakeDebug[arm64-v8a] (Thread[#82,Execution worker Thread 6,5,main]) started.
[  +71 ms] > Task :jni_flutter:bundleLibRuntimeToDirDebug
[  +13 ms] Caching disabled for task ':jni_flutter:bundleLibRuntimeToDirDebug' because:
[   +4 ms]   Build cache is disabled
[   +2 ms]   Simple merging task
[   +3 ms] Task ':jni_flutter:bundleLibRuntimeToDirDebug' is not up-to-date because:
[   +4 ms]   Output property 'output' file /data/data/com.termux/files/home/llano_music_app/build/jni_flutter/intermediates/runtime_library_classes_dir/debug/bundleLibRuntimeToDirDebug has been removed.
[   +4 ms]   Output property 'output' file /data/data/com.termux/files/home/llano_music_app/build/jni_flutter/intermediates/runtime_library_classes_dir/debug/bundleLibRuntimeToDirDebug/com has been removed.
[   +6 ms]   Output property 'output' file /data/data/com.termux/files/home/llano_music_app/build/jni_flutter/intermediates/runtime_library_classes_dir/debug/bundleLibRuntimeToDirDebug/com/github has been removed.
[   +6 ms]   and more...
[   +3 ms] The input changes require a full rebuild for incremental task ':jni_flutter:bundleLibRuntimeToDirDebug'.
[  +38 ms] > Task :app:checkDebugDuplicateClasses
[   +2 ms] Caching disabled for task ':app:checkDebugDuplicateClasses' because:
[   +2 ms]   Build cache is disabled
[  +10 ms]   Caching has been disabled for the task
[   +8 ms] Task ':app:checkDebugDuplicateClasses' is not up-to-date because:
[   +2 ms]   Output property 'dummyOutputDirectory' file /data/data/com.termux/files/home/llano_music_app/build/app/intermediates/duplicate_classes_check/debug/checkDebugDuplicateClasses has been removed.
[ +271 ms] > Task :jni:bundleLibRuntimeToDirDebug
[   +2 ms] Caching disabled for task ':jni:bundleLibRuntimeToDirDebug' because:
[   +1 ms]   Build cache is disabled
[   +1 ms]   Simple merging task
[   +1 ms] Task ':jni:bundleLibRuntimeToDirDebug' is not up-to-date because:
[   +2 ms]   Output property 'output' file /data/data/com.termux/files/home/llano_music_app/build/jni/intermediates/runtime_library_classes_dir/debug/bundleLibRuntimeToDirDebug has been removed.
[   +2 ms]   Output property 'output' file /data/data/com.termux/files/home/llano_music_app/build/jni/intermediates/runtime_library_classes_dir/debug/bundleLibRuntimeToDirDebug/com has been removed.
[   +2 ms]   Output property 'output' file /data/data/com.termux/files/home/llano_music_app/build/jni/intermediates/runtime_library_classes_dir/debug/bundleLibRuntimeToDirDebug/com/github has been removed.
[   +1 ms]   and more...
[   +2 ms] The input changes require a full rebuild for incremental task ':jni:bundleLibRuntimeToDirDebug'.
[+1388 ms] > Task :app:configureCMakeDebug[arm64-v8a]
[   +7 ms] Caching disabled for task ':app:configureCMakeDebug[arm64-v8a]' because:
[   +2 ms]   Build cache is disabled
[   +4 ms]   Caching has been disabled for the task
[   +3 ms] Task ':app:configureCMakeDebug[arm64-v8a]' is not up-to-date because:
[   +3 ms]   Task.upToDateWhen is false.
[   +1 ms] C/C++: Parsing legacy package: /root/Android/cmdline-tools/latest
[   +5 ms] C/C++: SDK Manager found the following installed packages: build-tools;35.0.0 build-tools;35.0.1 build-tools;36.0.0 cmake;3.22.1 ndk;28.2.13676358 platform-tools platforms;android-35 platforms;android-36
[  +66 ms] C/C++: /root/flutter/packages/flutter_tools/gradle/src/main/scripts/CMakeLists.txt debug|arm64-v8a : Start JSON generation. Platform version: 24 min SDK version: arm64-v8a
[ +298 ms] C/C++: /root/flutter/packages/flutter_tools/gradle/src/main/scripts/CMakeLists.txt debug|arm64-v8a : rebuilding JSON /data/data/com.termux/files/home/llano_music_app/build/.cxx/debug/1o1z4i7q/arm64-v8a/android_gradle_build.json due to:
[   +5 ms] C/C++: /root/flutter/packages/flutter_tools/gradle/src/main/scripts/CMakeLists.txt debug|arm64-v8a : - no fingerprint file, will remove stale configuration folder
[   +2 ms] C/C++: /root/flutter/packages/flutter_tools/gradle/src/main/scripts/CMakeLists.txt debug|arm64-v8a : removing stale contents from '/data/data/com.termux/files/home/llano_music_app/build/.cxx/debug/1o1z4i7q/arm64-v8a'
[   +4 ms] C/C++: /root/flutter/packages/flutter_tools/gradle/src/main/scripts/CMakeLists.txt debug|arm64-v8a : created folder '/data/data/com.termux/files/home/llano_music_app/build/.cxx/debug/1o1z4i7q/arm64-v8a'
[ +100 ms] C/C++: /root/flutter/packages/flutter_tools/gradle/src/main/scripts/CMakeLists.txt debug|arm64-v8a : executing cmake /root/Android/cmake/3.22.1/bin/cmake \
[   +9 ms]   -H/root/flutter/packages/flutter_tools/gradle/src/main/scripts \
[   +2 ms]   -DCMAKE_SYSTEM_NAME=Android \
[   +6 ms]   -DCMAKE_EXPORT_COMPILE_COMMANDS=ON \
[   +7 ms]   -DCMAKE_SYSTEM_VERSION=24 \
[   +6 ms]   -DANDROID_PLATFORM=android-24 \
[   +2 ms]   -DANDROID_ABI=arm64-v8a \
[   +8 ms]   -DCMAKE_ANDROID_ARCH_ABI=arm64-v8a \
[   +6 ms]   -DANDROID_NDK=/root/Android/ndk/28.2.13676358 \
[   +2 ms]   -DCMAKE_ANDROID_NDK=/root/Android/ndk/28.2.13676358 \
[   +3 ms]   -DCMAKE_TOOLCHAIN_FILE=/root/Android/ndk/28.2.13676358/build/cmake/android.toolchain.cmake \
[   +4 ms]   -DCMAKE_MAKE_PROGRAM=/root/Android/cmake/3.22.1/bin/ninja \
[   +8 ms]   -DCMAKE_LIBRARY_OUTPUT_DIRECTORY=/data/data/com.termux/files/home/llano_music_app/build/app/intermediates/cxx/debug/1o1z4i7q/obj/arm64-v8a \
[   +8 ms]   -DCMAKE_RUNTIME_OUTPUT_DIRECTORY=/data/data/com.termux/files/home/llano_music_app/build/app/intermediates/cxx/debug/1o1z4i7q/obj/arm64-v8a \
[   +4 ms]   -B/data/data/com.termux/files/home/llano_music_app/build/.cxx/debug/1o1z4i7q/arm64-v8a \
[   +6 ms]   -GNinja \
[   +4 ms]   -Wno-dev \
[   +2 ms]   --no-warn-unused-cli \
[   +8 ms]   -DCMAKE_BUILD_TYPE=debug
[ +296 ms] C/C++: /root/flutter/packages/flutter_tools/gradle/src/main/scripts/CMakeLists.txt debug|arm64-v8a : /root/Android/cmake/3.22.1/bin/cmake \
[  +15 ms]   -H/root/flutter/packages/flutter_tools/gradle/src/main/scripts \
[   +3 ms]   -DCMAKE_SYSTEM_NAME=Android \
[   +2 ms]   -DCMAKE_EXPORT_COMPILE_COMMANDS=ON \
[  +13 ms]   -DCMAKE_SYSTEM_VERSION=24 \
[   +2 ms]   -DANDROID_PLATFORM=android-24 \
[   +4 ms]   -DANDROID_ABI=arm64-v8a \
[   +9 ms]   -DCMAKE_ANDROID_ARCH_ABI=arm64-v8a \
[   +5 ms]   -DANDROID_NDK=/root/Android/ndk/28.2.13676358 \
[  +10 ms]   -DCMAKE_ANDROID_NDK=/root/Android/ndk/28.2.13676358 \
[  +17 ms]   -DCMAKE_TOOLCHAIN_FILE=/root/Android/ndk/28.2.13676358/build/cmake/android.toolchain.cmake \
[  +13 ms]   -DCMAKE_MAKE_PROGRAM=/root/Android/cmake/3.22.1/bin/ninja \
[   +8 ms]   -DCMAKE_LIBRARY_OUTPUT_DIRECTORY=/data/data/com.termux/files/home/llano_music_app/build/app/intermediates/cxx/debug/1o1z4i7q/obj/arm64-v8a \
[   +9 ms]   -DCMAKE_RUNTIME_OUTPUT_DIRECTORY=/data/data/com.termux/files/home/llano_music_app/build/app/intermediates/cxx/debug/1o1z4i7q/obj/arm64-v8a \
[   +3 ms]   -B/data/data/com.termux/files/home/llano_music_app/build/.cxx/debug/1o1z4i7q/arm64-v8a \
[  +11 ms]   -GNinja \
[  +14 ms]   -Wno-dev \
[   +5 ms]   --no-warn-unused-cli \
[   +2 ms]   -DCMAKE_BUILD_TYPE=debug
[ +132 ms] Starting process 'command '/root/Android/cmake/3.22.1/bin/cmake''. Working directory: /data/data/com.termux/files/home/llano_music_app/android/app Command: /root/Android/cmake/3.22.1/bin/cmake -H/root/flutter/packages/flutter_tools/gradle/src/main/scripts -DCMAKE_SYSTEM_NAME=Android -DCMAKE_EXPORT_COMPILE_COMMANDS=ON -DCMAKE_SYSTEM_VERSION=24 -DANDROID_PLATFORM=android-24 -DANDROID_ABI=arm64-v8a -DCMAKE_ANDROID_ARCH_ABI=arm64-v8a -DANDROID_NDK=/root/Android/ndk/28.2.13676358 -DCMAKE_ANDROID_NDK=/root/Android/ndk/28.2.13676358 -DCMAKE_TOOLCHAIN_FILE=/root/Android/ndk/28.2.13676358/build/cmake/android.toolchain.cmake -DCMAKE_MAKE_PROGRAM=/root/Android/cmake/3.22.1/bin/ninja -DCMAKE_LIBRARY_OUTPUT_DIRECTORY=/data/data/com.termux/files/home/llano_music_app/build/app/intermediates/cxx/debug/1o1z4i7q/obj/arm64-v8a -DCMAKE_RUNTIME_OUTPUT_DIRECTORY=/data/data/com.termux/files/home/llano_music_app/build/app/intermediates/cxx/debug/1o1z4i7q/obj/arm64-v8a -B/data/data/com.termux/files/home/llano_music_app/build/.cxx/debug/1o1z4i7q/arm64-v8a -GNinja -Wno-dev --no-warn-unused-cli -DCMAKE_BUILD_TYPE=debug
[ +905 ms] C/C++: /root/flutter/packages/flutter_tools/gradle/src/main/scripts/CMakeLists.txt debug|arm64-v8a : JSON generation completed with problem. Exception: org.gradle.process.ProcessExecutionException: A problem occurred starting process 'command '/root/Android/cmake/3.22.1/bin/cmake''
[  +97 ms] C/C++: /root/flutter/packages/flutter_tools/gradle/src/main/scripts/CMakeLists.txt debug|arm64-v8a : Writing build model to /data/data/com.termux/files/home/llano_music_app/build/app/intermediates/cxx/debug/1o1z4i7q/logs/arm64-v8a/build_model.json
[ +304 ms] > Task :app:configureCMakeDebug[arm64-v8a] FAILED
[+94697 ms] > Task :audioplayers_android:compileDebugKotlin
[  +13 ms] w: file:///root/.pub-cache/hosted/pub.dev/audioplayers_android-5.3.0/android/src/main/kotlin/xyz/luan/audioplayers/AudioplayersPlugin.kt:72:30 'var isSpeakerphoneOn: Boolean' is deprecated. Deprecated in Java.
[   +8 ms] w: file:///root/.pub-cache/hosted/pub.dev/audioplayers_android-5.3.0/android/src/main/kotlin/xyz/luan/audioplayers/player/WrappedPlayer.kt:172:22 'var isSpeakerphoneOn: Boolean' is deprecated. Deprecated in Java.
[+166271 ms] i: Finished executing kotlin compiler using DAEMON strategy
[+1197 ms] Build 3c920138-44e6-4a0f-bf3d-bb43497a63e0 is closed
[ +200 ms] Build d26efba0-65d5-41c7-a4d7-a4e687b6d2ae is closed
[ +107 ms] [Incubating] Problems report is available at: file:///data/data/com.termux/files/home/llano_music_app/build/reports/problems/problems-report.html
[   +5 ms] FAILURE: Build failed with an exception.
[   +3 ms] * What went wrong:
[   +2 ms] Execution failed for task ':app:configureCMakeDebug[arm64-v8a]'.
[   +2 ms] > [CXX1428] exception while building Json A problem occurred starting process 'command '/root/Android/cmake/3.22.1/bin/cmake'' : org.gradle.process.ProcessExecutionException: A problem occurred starting process 'command '/root/Android/cmake/3.22.1/bin/cmake''
[   +2 ms]   	at org.gradle.process.internal.DefaultExecHandle.execExceptionFor(DefaultExecHandle.java:242)
[   +1 ms]   	at org.gradle.process.internal.DefaultExecHandle.setEndStateInfo(DefaultExecHandle.java:219)
[   +2 ms]   	at org.gradle.process.internal.DefaultExecHandle.failed(DefaultExecHandle.java:404)
[   +2 ms]   	at org.gradle.process.internal.ExecHandleRunner.lambda$run$3(ExecHandleRunner.java:132)
[   +2 ms]   	at org.gradle.internal.operations.CurrentBuildOperationRef.with(CurrentBuildOperationRef.java:84)
[   +3 ms]   	at org.gradle.process.internal.ExecHandleRunner.run(ExecHandleRunner.java:131)
[   +3 ms]   	at org.gradle.internal.concurrent.ExecutorPolicy$CatchAndRecordFailures.onExecute(ExecutorPolicy.java:64)
[   +1 ms]   	at org.gradle.internal.concurrent.AbstractManagedExecutor$1.run(AbstractManagedExecutor.java:47)
[   +2 ms]   	at java.base/java.util.concurrent.ThreadPoolExecutor.runWorker(ThreadPoolExecutor.java:1144)
[   +5 ms]   	at java.base/java.util.concurrent.ThreadPoolExecutor$Worker.run(ThreadPoolExecutor.java:642)
[   +2 ms]   	at java.base/java.lang.Thread.run(Thread.java:1583)
[   +2 ms]   Caused by: net.rubygrapefruit.platform.NativeException: Could not start '/root/Android/cmake/3.22.1/bin/cmake'
[   +2 ms]   	at net.rubygrapefruit.platform.internal.DefaultProcessLauncher.start(DefaultProcessLauncher.java:27)
[   +1 ms]   	at net.rubygrapefruit.platform.internal.WrapperProcessLauncher.start(WrapperProcessLauncher.java:36)
[   +1 ms]   	at org.gradle.process.internal.ExecHandleRunner.startProcess(ExecHandleRunner.java:152)
[   +1 ms]   	at org.gradle.process.internal.ExecHandleRunner.lambda$run$0(ExecHandleRunner.java:110)
[   +1 ms]   	at org.gradle.internal.operations.CurrentBuildOperationRef.with(CurrentBuildOperationRef.java:84)
[   +2 ms]   	at org.gradle.process.internal.ExecHandleRunner.run(ExecHandleRunner.java:109)
[   +2 ms]   	... 5 more
[   +2 ms]   Caused by: java.io.IOException: Cannot run program "/root/Android/cmake/3.22.1/bin/cmake" (in directory "/data/data/com.termux/files/home/llano_music_app/android/app"): Exec failed, error: 2 (No such file or directory) 
[   +2 ms]   	at java.base/java.lang.ProcessBuilder.start(ProcessBuilder.java:1170)
[   +2 ms]   	at java.base/java.lang.ProcessBuilder.start(ProcessBuilder.java:1089)
[   +3 ms]   	at net.rubygrapefruit.platform.internal.DefaultProcessLauncher.start(DefaultProcessLauncher.java:25)
[   +3 ms]   	... 10 more
[   +4 ms]   Caused by: java.io.IOException: Exec failed, error: 2 (No such file or directory) 
[   +3 ms]   	at java.base/java.lang.ProcessImpl.forkAndExec(Native Method)
[   +3 ms]   	at java.base/java.lang.ProcessImpl.<init>(ProcessImpl.java:295)
[   +2 ms]   	at java.base/java.lang.ProcessImpl.start(ProcessImpl.java:225)
[   +6 ms]   	at java.base/java.lang.ProcessBuilder.start(ProcessBuilder.java:1126)
[   +2 ms]   	... 12 more
[   +3 ms] * Try:
[   +2 ms] > Run with --debug option to get more log output.
[   +2 ms] > Run with --scan to generate a Build Scan (Powered by Develocity).
[   +2 ms] > Get more help at https://help.gradle.org.
[  +10 ms] * Exception is:
[   +2 ms] org.gradle.api.tasks.TaskExecutionException: Execution failed for task ':app:configureCMakeDebug[arm64-v8a]'.
[   +3 ms] 	at org.gradle.api.internal.tasks.execution.ExecuteActionsTaskExecuter.lambda$executeIfValid$1(ExecuteActionsTaskExecuter.java:135)
[   +3 ms] 	at org.gradle.internal.Try$Failure.ifSuccessfulOrElse(Try.java:288)
[   +2 ms] 	at org.gradle.api.internal.tasks.execution.ExecuteActionsTaskExecuter.executeIfValid(ExecuteActionsTaskExecuter.java:133)
[   +2 ms] 	at org.gradle.api.internal.tasks.execution.ExecuteActionsTaskExecuter.execute(ExecuteActionsTaskExecuter.java:121)
[   +2 ms] 	at org.gradle.api.internal.tasks.execution.ProblemsTaskPathTrackingTaskExecuter.execute(ProblemsTaskPathTrackingTaskExecuter.java:41)
[   +2 ms] 	at org.gradle.api.internal.tasks.execution.FinalizePropertiesTaskExecuter.execute(FinalizePropertiesTaskExecuter.java:46)
[   +2 ms] 	at org.gradle.api.internal.tasks.execution.ResolveTaskExecutionModeExecuter.execute(ResolveTaskExecutionModeExecuter.java:51)
[   +2 ms] 	at org.gradle.api.internal.tasks.execution.SkipTaskWithNoActionsExecuter.execute(SkipTaskWithNoActionsExecuter.java:57)
[   +3 ms] 	at org.gradle.api.internal.tasks.execution.SkipOnlyIfTaskExecuter.execute(SkipOnlyIfTaskExecuter.java:74)
[   +2 ms] 	at org.gradle.api.internal.tasks.execution.CatchExceptionTaskExecuter.execute(CatchExceptionTaskExecuter.java:36)
[   +2 ms] 	at org.gradle.api.internal.tasks.execution.EventFiringTaskExecuter$1.executeTask(EventFiringTaskExecuter.java:77)
[   +2 ms] 	at org.gradle.api.internal.tasks.execution.EventFiringTaskExecuter$1.call(EventFiringTaskExecuter.java:55)
[   +2 ms] 	at org.gradle.api.internal.tasks.execution.EventFiringTaskExecuter$1.call(EventFiringTaskExecuter.java:52)
[   +4 ms] 	at org.gradle.internal.operations.DefaultBuildOperationRunner$CallableBuildOperationWorker.execute(DefaultBuildOperationRunner.java:209)
[   +4 ms] 	at org.gradle.internal.operations.DefaultBuildOperationRunner$CallableBuildOperationWorker.execute(DefaultBuildOperationRunner.java:204)
[   +2 ms] 	at org.gradle.internal.operations.DefaultBuildOperationRunner$2.execute(DefaultBuildOperationRunner.java:66)
[   +2 ms] 	at org.gradle.internal.operations.DefaultBuildOperationRunner$2.execute(DefaultBuildOperationRunner.java:59)
[   +2 ms] 	at org.gradle.internal.operations.DefaultBuildOperationRunner.execute(DefaultBuildOperationRunner.java:166)
[   +3 ms] 	at org.gradle.internal.operations.DefaultBuildOperationRunner.execute(DefaultBuildOperationRunner.java:59)
[   +2 ms] 	at org.gradle.internal.operations.DefaultBuildOperationRunner.call(DefaultBuildOperationRunner.java:53)
[   +2 ms] 	at org.gradle.api.internal.tasks.execution.EventFiringTaskExecuter.execute(EventFiringTaskExecuter.java:52)
[   +2 ms] 	at org.gradle.execution.plan.LocalTaskNodeExecutor.execute(LocalTaskNodeExecutor.java:45)
[   +2 ms] 	at org.gradle.execution.taskgraph.DefaultTaskExecutionGraph$InvokeNodeExecutorsAction.execute(DefaultTaskExecutionGraph.java:355)
[   +2 ms] 	at org.gradle.execution.taskgraph.DefaultTaskExecutionGraph$InvokeNodeExecutorsAction.execute(DefaultTaskExecutionGraph.java:342)
[   +1 ms] 	at org.gradle.execution.taskgraph.DefaultTaskExecutionGraph$BuildOperationAwareExecutionAction.lambda$execute$0(DefaultTaskExecutionGraph.java:338)
[   +3 ms] 	at org.gradle.internal.operations.CurrentBuildOperationRef.with(CurrentBuildOperationRef.java:84)
[   +3 ms] 	at org.gradle.execution.taskgraph.DefaultTaskExecutionGraph$BuildOperationAwareExecutionAction.execute(DefaultTaskExecutionGraph.java:338)
[   +2 ms] 	at org.gradle.execution.taskgraph.DefaultTaskExecutionGraph$BuildOperationAwareExecutionAction.execute(DefaultTaskExecutionGraph.java:327)
[   +3 ms] 	at org.gradle.execution.plan.DefaultPlanExecutor$ExecutorWorker.execute(DefaultPlanExecutor.java:459)
[   +3 ms] 	at org.gradle.execution.plan.DefaultPlanExecutor$ExecutorWorker.run(DefaultPlanExecutor.java:376)
[   +3 ms] 	at org.gradle.internal.concurrent.ExecutorPolicy$CatchAndRecordFailures.onExecute(ExecutorPolicy.java:64)
[   +1 ms] 	at org.gradle.internal.concurrent.AbstractManagedExecutor$1.run(AbstractManagedExecutor.java:47)
[   +2 ms] 	at java.base/java.util.concurrent.ThreadPoolExecutor.runWorker(ThreadPoolExecutor.java:1144)
[   +2 ms] 	at java.base/java.util.concurrent.ThreadPoolExecutor$Worker.run(ThreadPoolExecutor.java:642)
[   +6 ms] 	at java.base/java.lang.Thread.run(Thread.java:1583)
[   +3 ms] Caused by: com.android.builder.errors.EvalIssueException: [CXX1428] exception while building Json A problem occurred starting process 'command '/root/Android/cmake/3.22.1/bin/cmake'' : org.gradle.process.ProcessExecutionException: A problem occurred starting process 'command '/root/Android/cmake/3.22.1/bin/cmake''
[   +1 ms] 	at org.gradle.process.internal.DefaultExecHandle.execExceptionFor(DefaultExecHandle.java:242)
[   +2 ms] 	at org.gradle.process.internal.DefaultExecHandle.setEndStateInfo(DefaultExecHandle.java:219)
[   +2 ms] 	at org.gradle.process.internal.DefaultExecHandle.failed(DefaultExecHandle.java:404)
[   +2 ms] 	at org.gradle.process.internal.ExecHandleRunner.lambda$run$3(ExecHandleRunner.java:132)
[   +3 ms] 	at org.gradle.internal.operations.CurrentBuildOperationRef.with(CurrentBuildOperationRef.java:84)
[   +2 ms] 	at org.gradle.process.internal.ExecHandleRunner.run(ExecHandleRunner.java:131)
[   +2 ms] 	at org.gradle.internal.concurrent.ExecutorPolicy$CatchAndRecordFailures.onExecute(ExecutorPolicy.java:64)
[   +3 ms] 	at org.gradle.internal.concurrent.AbstractManagedExecutor$1.run(AbstractManagedExecutor.java:47)
[   +3 ms] 	at java.base/java.util.concurrent.ThreadPoolExecutor.runWorker(ThreadPoolExecutor.java:1144)
[   +1 ms] 	at java.base/java.util.concurrent.ThreadPoolExecutor$Worker.run(ThreadPoolExecutor.java:642)
[   +1 ms] 	at java.base/java.lang.Thread.run(Thread.java:1583)
[   +2 ms] Caused by: net.rubygrapefruit.platform.NativeException: Could not start '/root/Android/cmake/3.22.1/bin/cmake'
[   +2 ms] 	at net.rubygrapefruit.platform.internal.DefaultProcessLauncher.start(DefaultProcessLauncher.java:27)
[   +3 ms] 	at net.rubygrapefruit.platform.internal.WrapperProcessLauncher.start(WrapperProcessLauncher.java:36)
[   +3 ms] 	at org.gradle.process.internal.ExecHandleRunner.startProcess(ExecHandleRunner.java:152)
[   +3 ms] 	at org.gradle.process.internal.ExecHandleRunner.lambda$run$0(ExecHandleRunner.java:110)
[   +4 ms] 	at org.gradle.internal.operations.CurrentBuildOperationRef.with(CurrentBuildOperationRef.java:84)
[   +2 ms] 	at org.gradle.process.internal.ExecHandleRunner.run(ExecHandleRunner.java:109)
[   +2 ms] 	... 5 more
[   +3 ms] Caused by: java.io.IOException: Cannot run program "/root/Android/cmake/3.22.1/bin/cmake" (in directory "/data/data/com.termux/files/home/llano_music_app/android/app"): Exec failed, error: 2 (No such file or directory) 
[   +2 ms] 	at java.base/java.lang.ProcessBuilder.start(ProcessBuilder.java:1170)
[   +2 ms] 	at java.base/java.lang.ProcessBuilder.start(ProcessBuilder.java:1089)
[   +2 ms] 	at net.rubygrapefruit.platform.internal.DefaultProcessLauncher.start(DefaultProcessLauncher.java:25)
[   +2 ms] 	... 10 more
[   +1 ms] Caused by: java.io.IOException: Exec failed, error: 2 (No such file or directory) 
[   +1 ms] 	at java.base/java.lang.ProcessImpl.forkAndExec(Native Method)
[   +2 ms] 	at java.base/java.lang.ProcessImpl.<init>(ProcessImpl.java:295)
[   +2 ms] 	at java.base/java.lang.ProcessImpl.start(ProcessImpl.java:225)
[   +1 ms] 	at java.base/java.lang.ProcessBuilder.start(ProcessBuilder.java:1126)
[   +1 ms] 	... 12 more
[   +5 ms] 	at com.android.builder.errors.IssueReporter.reportError(IssueReporter.kt:119)
[   +1 ms] 	at com.android.builder.errors.IssueReporter.reportError$default(IssueReporter.kt:114)
[   +1 ms] 	at com.android.build.gradle.internal.cxx.logging.IssueReporterLoggingEnvironment.log(IssueReporterLoggingEnvironment.kt:113)
[   +1 ms] 	at com.android.build.gradle.internal.cxx.logging.ThreadLoggingEnvironment$Companion.reportFormattedErrorToCurrentLogger(LoggingEnvironment.kt:230)
[   +3 ms] 	at com.android.build.gradle.internal.cxx.logging.LoggingEnvironmentKt.errorln(LoggingEnvironment.kt:62)
[   +2 ms] 	at com.android.build.gradle.tasks.ExternalNativeJsonGenerator.configure(ExternalNativeJsonGenerator.kt:115)
[   +2 ms] 	at com.android.build.gradle.tasks.ExternalNativeBuildJsonTask.doTaskAction(ExternalNativeBuildJsonTask.kt:89)
[   +1 ms] 	at com.android.build.gradle.internal.tasks.UnsafeOutputsTask$taskAction$$inlined$recordTaskAction$1.invoke(BaseTask.kt:78)
[   +2 ms] 	at com.android.build.gradle.internal.tasks.Blocks.recordSpan(Blocks.java:51)
[   +2 ms] 	at com.android.build.gradle.internal.tasks.UnsafeOutputsTask.taskAction(UnsafeOutputsTask.kt:81)
[   +1 ms] 	at java.base/jdk.internal.reflect.DirectMethodHandleAccessor.invoke(DirectMethodHandleAccessor.java:103)
[   +2 ms] 	at java.base/java.lang.reflect.Method.invoke(Method.java:580)
[   +3 ms] 	at org.gradle.internal.reflect.JavaMethod.invoke(JavaMethod.java:125)
[   +1 ms] 	at org.gradle.api.internal.project.taskfactory.StandardTaskAction.doExecute(StandardTaskAction.java:58)
[   +1 ms] 	at org.gradle.api.internal.project.taskfactory.StandardTaskAction.execute(StandardTaskAction.java:51)
[   +2 ms] 	at org.gradle.api.internal.project.taskfactory.StandardTaskAction.execute(StandardTaskAction.java:29)
[   +4 ms] 	at org.gradle.api.internal.tasks.execution.TaskExecution$3.run(TaskExecution.java:252)
[   +2 ms] 	at org.gradle.internal.operations.DefaultBuildOperationRunner$1.execute(DefaultBuildOperationRunner.java:29)
[   +3 ms] 	at org.gradle.internal.operations.DefaultBuildOperationRunner$1.execute(DefaultBuildOperationRunner.java:26)
[   +1 ms] 	at org.gradle.internal.operations.DefaultBuildOperationRunner$2.execute(DefaultBuildOperationRunner.java:66)
[   +2 ms] 	at org.gradle.internal.operations.DefaultBuildOperationRunner$2.execute(DefaultBuildOperationRunner.java:59)
[   +3 ms] 	at org.gradle.internal.operations.DefaultBuildOperationRunner.execute(DefaultBuildOperationRunner.java:166)
[   +8 ms] 	at org.gradle.internal.operations.DefaultBuildOperationRunner.execute(DefaultBuildOperationRunner.java:59)
[   +2 ms] 	at org.gradle.internal.operations.DefaultBuildOperationRunner.run(DefaultBuildOperationRunner.java:47)
[   +2 ms] 	at org.gradle.api.internal.tasks.execution.TaskExecution.executeAction(TaskExecution.java:237)
[   +3 ms] 	at org.gradle.api.internal.tasks.execution.TaskExecution.executeActions(TaskExecution.java:220)
[   +3 ms] 	at org.gradle.api.internal.tasks.execution.TaskExecution.executeWithPreviousOutputFiles(TaskExecution.java:203)
[   +3 ms] 	at org.gradle.api.internal.tasks.execution.TaskExecution.execute(TaskExecution.java:170)
[   +3 ms] 	at org.gradle.internal.execution.steps.ExecuteStep.executeInternal(ExecuteStep.java:105)
[   +3 ms] 	at org.gradle.internal.execution.steps.ExecuteStep.access$000(ExecuteStep.java:44)
[   +4 ms] 	at org.gradle.internal.execution.steps.ExecuteStep$1.call(ExecuteStep.java:59)
[   +3 ms] 	at org.gradle.internal.execution.steps.ExecuteStep$1.call(ExecuteStep.java:56)
[   +4 ms] 	at org.gradle.internal.operations.DefaultBuildOperationRunner$CallableBuildOperationWorker.execute(DefaultBuildOperationRunner.java:209)
[   +2 ms] 	at org.gradle.internal.operations.DefaultBuildOperationRunner$CallableBuildOperationWorker.execute(DefaultBuildOperationRunner.java:204)
[   +2 ms] 	at org.gradle.internal.operations.DefaultBuildOperationRunner$2.execute(DefaultBuildOperationRunner.java:66)
[   +2 ms] 	at org.gradle.internal.operations.DefaultBuildOperationRunner$2.execute(DefaultBuildOperationRunner.java:59)
[   +2 ms] 	at org.gradle.internal.operations.DefaultBuildOperationRunner.execute(DefaultBuildOperationRunner.java:166)
[   +2 ms] 	at org.gradle.internal.operations.DefaultBuildOperationRunner.execute(DefaultBuildOperationRunner.java:59)
[   +3 ms] 	at org.gradle.internal.operations.DefaultBuildOperationRunner.call(DefaultBuildOperationRunner.java:53)
[   +2 ms] 	at org.gradle.internal.execution.steps.ExecuteStep.execute(ExecuteStep.java:56)
[   +3 ms] 	at org.gradle.internal.execution.steps.ExecuteStep.execute(ExecuteStep.java:44)
[   +2 ms] 	at org.gradle.internal.execution.steps.CancelExecutionStep.execute(CancelExecutionStep.java:42)
[   +3 ms] 	at org.gradle.internal.execution.steps.TimeoutStep.executeWithoutTimeout(TimeoutStep.java:75)
[   +4 ms] 	at org.gradle.internal.execution.steps.TimeoutStep.execute(TimeoutStep.java:55)
[   +3 ms] 	at org.gradle.internal.execution.steps.PreCreateOutputParentsStep.execute(PreCreateOutputParentsStep.java:50)
[   +6 ms] 	at org.gradle.internal.execution.steps.PreCreateOutputParentsStep.execute(PreCreateOutputParentsStep.java:28)
[   +4 ms] 	at org.gradle.internal.execution.steps.RemovePreviousOutputsStep.execute(RemovePreviousOutputsStep.java:68)
[   +2 ms] 	at org.gradle.internal.execution.steps.RemovePreviousOutputsStep.execute(RemovePreviousOutputsStep.java:38)
[   +2 ms] 	at org.gradle.internal.execution.steps.BroadcastChangingOutputsStep.execute(BroadcastChangingOutputsStep.java:61)
[   +3 ms] 	at org.gradle.internal.execution.steps.BroadcastChangingOutputsStep.execute(BroadcastChangingOutputsStep.java:26)
[   +2 ms] 	at org.gradle.internal.execution.steps.CaptureOutputsAfterExecutionStep.execute(CaptureOutputsAfterExecutionStep.java:69)
[   +2 ms] 	at org.gradle.internal.execution.steps.CaptureOutputsAfterExecutionStep.execute(CaptureOutputsAfterExecutionStep.java:46)
[   +3 ms] 	at org.gradle.internal.execution.steps.ResolveInputChangesStep.execute(ResolveInputChangesStep.java:39)
[   +2 ms] 	at org.gradle.internal.execution.steps.ResolveInputChangesStep.execute(ResolveInputChangesStep.java:28)
[   +3 ms] 	at org.gradle.internal.execution.steps.BuildCacheStep.executeWithoutCache(BuildCacheStep.java:189)
[   +3 ms] 	at org.gradle.internal.execution.steps.BuildCacheStep.lambda$execute$1(BuildCacheStep.java:75)
[   +2 ms] 	at org.gradle.internal.Either$Right.fold(Either.java:176)
[   +2 ms] 	at org.gradle.internal.execution.caching.CachingState.fold(CachingState.java:62)
[   +3 ms] 	at org.gradle.internal.execution.steps.BuildCacheStep.execute(BuildCacheStep.java:73)
[   +2 ms] 	at org.gradle.internal.execution.steps.BuildCacheStep.execute(BuildCacheStep.java:48)
[   +2 ms] 	at org.gradle.internal.execution.steps.StoreExecutionStateStep.execute(StoreExecutionStateStep.java:46)
[   +1 ms] 	at org.gradle.internal.execution.steps.StoreExecutionStateStep.execute(StoreExecutionStateStep.java:35)
[   +1 ms] 	at org.gradle.internal.execution.steps.SkipUpToDateStep.executeBecause(SkipUpToDateStep.java:75)
[   +2 ms] 	at org.gradle.internal.execution.steps.SkipUpToDateStep.lambda$execute$2(SkipUpToDateStep.java:53)
[   +2 ms] 	at java.base/java.util.Optional.orElseGet(Optional.java:364)
[   +2 ms] 	at org.gradle.internal.execution.steps.SkipUpToDateStep.execute(SkipUpToDateStep.java:53)
[   +2 ms] 	at org.gradle.internal.execution.steps.SkipUpToDateStep.execute(SkipUpToDateStep.java:35)
[   +2 ms] 	at org.gradle.internal.execution.steps.legacy.MarkSnapshottingInputsFinishedStep.execute(MarkSnapshottingInputsFinishedStep.java:37)
[   +4 ms] 	at org.gradle.internal.execution.steps.legacy.MarkSnapshottingInputsFinishedStep.execute(MarkSnapshottingInputsFinishedStep.java:27)
[   +1 ms] 	at org.gradle.internal.execution.steps.ResolveIncrementalCachingStateStep.executeDelegate(ResolveIncrementalCachingStateStep.java:49)
[   +2 ms] 	at org.gradle.internal.execution.steps.ResolveIncrementalCachingStateStep.executeDelegate(ResolveIncrementalCachingStateStep.java:27)
[   +5 ms] 	at org.gradle.internal.execution.steps.AbstractResolveCachingStateStep.execute(AbstractResolveCachingStateStep.java:71)
[   +3 ms] 	at org.gradle.internal.execution.steps.AbstractResolveCachingStateStep.execute(AbstractResolveCachingStateStep.java:39)
[   +2 ms] 	at org.gradle.internal.execution.steps.ResolveChangesStep.execute(ResolveChangesStep.java:64)
[   +5 ms] 	at org.gradle.internal.execution.steps.ResolveChangesStep.execute(ResolveChangesStep.java:35)
[   +2 ms] 	at org.gradle.internal.execution.steps.ValidateStep.execute(ValidateStep.java:62)
[   +2 ms] 	at org.gradle.internal.execution.steps.ValidateStep.execute(ValidateStep.java:40)
[   +2 ms] 	at org.gradle.internal.execution.steps.AbstractCaptureStateBeforeExecutionStep.execute(AbstractCaptureStateBeforeExecutionStep.java:76)
[   +2 ms] 	at org.gradle.internal.execution.steps.AbstractCaptureStateBeforeExecutionStep.execute(AbstractCaptureStateBeforeExecutionStep.java:45)
[   +2 ms] 	at org.gradle.internal.execution.steps.AbstractSkipEmptyWorkStep.executeWithNonEmptySources(AbstractSkipEmptyWorkStep.java:136)
[   +4 ms] 	at org.gradle.internal.execution.steps.AbstractSkipEmptyWorkStep.execute(AbstractSkipEmptyWorkStep.java:61)
[   +2 ms] 	at org.gradle.internal.execution.steps.AbstractSkipEmptyWorkStep.execute(AbstractSkipEmptyWorkStep.java:38)
[   +2 ms] 	at org.gradle.internal.execution.steps.legacy.MarkSnapshottingInputsStartedStep.execute(MarkSnapshottingInputsStartedStep.java:38)
[   +2 ms] 	at org.gradle.internal.execution.steps.LoadPreviousExecutionStateStep.execute(LoadPreviousExecutionStateStep.java:36)
[   +3 ms] 	at org.gradle.internal.execution.steps.LoadPreviousExecutionStateStep.execute(LoadPreviousExecutionStateStep.java:23)
[   +2 ms] 	at org.gradle.internal.execution.steps.HandleStaleOutputsStep.execute(HandleStaleOutputsStep.java:75)
[   +3 ms] 	at org.gradle.internal.execution.steps.HandleStaleOutputsStep.execute(HandleStaleOutputsStep.java:41)
[   +1 ms] 	at org.gradle.internal.execution.steps.AssignMutableWorkspaceStep.lambda$execute$0(AssignMutableWorkspaceStep.java:35)
[   +7 ms] 	at org.gradle.api.internal.tasks.execution.TaskExecution$4.withWorkspace(TaskExecution.java:297)
[   +3 ms] 	at org.gradle.internal.execution.steps.AssignMutableWorkspaceStep.execute(AssignMutableWorkspaceStep.java:31)
[   +3 ms] 	at org.gradle.internal.execution.steps.AssignMutableWorkspaceStep.execute(AssignMutableWorkspaceStep.java:22)
[   +2 ms] 	at org.gradle.internal.execution.steps.ChoosePipelineStep.execute(ChoosePipelineStep.java:40)
[   +2 ms] 	at org.gradle.internal.execution.steps.ChoosePipelineStep.execute(ChoosePipelineStep.java:23)
[   +2 ms] 	at org.gradle.internal.execution.steps.ExecuteWorkBuildOperationFiringStep.lambda$execute$2(ExecuteWorkBuildOperationFiringStep.java:67)
[   +3 ms] 	at java.base/java.util.Optional.orElseGet(Optional.java:364)
[   +2 ms] 	at org.gradle.internal.execution.steps.ExecuteWorkBuildOperationFiringStep.execute(ExecuteWorkBuildOperationFiringStep.java:67)
[   +2 ms] 	at org.gradle.internal.execution.steps.ExecuteWorkBuildOperationFiringStep.execute(ExecuteWorkBuildOperationFiringStep.java:39)
[   +1 ms] 	at org.gradle.internal.execution.steps.IdentityCacheStep.execute(IdentityCacheStep.java:46)
[   +1 ms] 	at org.gradle.internal.execution.steps.IdentityCacheStep.execute(IdentityCacheStep.java:34)
[   +1 ms] 	at org.gradle.internal.execution.steps.IdentifyStep.execute(IdentifyStep.java:47)
[   +5 ms] 	at org.gradle.internal.execution.steps.IdentifyStep.execute(IdentifyStep.java:34)
[   +2 ms] 	at org.gradle.internal.execution.impl.DefaultExecutionEngine$1.execute(DefaultExecutionEngine.java:64)
[   +2 ms] 	at org.gradle.api.internal.tasks.execution.ExecuteActionsTaskExecuter.executeIfValid(ExecuteActionsTaskExecuter.java:132)
[   +2 ms] 	... 32 more
[   +5 ms] BUILD FAILED in 12m 55s
[  +11 ms] Deprecated Gradle features were used in this build, making it incompatible with Gradle 10.
[   +3 ms] You can use '--warning-mode all' to show the individual deprecation warnings and determine if they come from your own scripts or plugins.
[   +3 ms] For more on this, please refer to https://docs.gradle.org/9.1.0/userguide/command_line_interface.html#sec:command_line_warnings in the Gradle documentation.
[   +2 ms] 71 actionable tasks: 66 executed, 5 up-to-date
[   +2 ms] Some of the file system contents retained in the virtual file system are on file systems that Gradle doesn't support watching. The relevant state was discarded to ensure changes to these locations are properly detected. You can override this by explicitly enabling file system watching.
[+1130 ms] Running Gradle task 'assembleDebug'... (completed in 777.8s)
[  +57 ms] "flutter apk" took 782,776ms.
[ +126 ms] Gradle task assembleDebug failed with exit code 1
[   +1 ms] 
           #0      throwToolExit (package:flutter_tools/src/base/common.dart:34:3)
           #1      AndroidGradleBuilder.buildGradleApp (package:flutter_tools/src/android/gradle.dart:595:7)
           <asynchronous suspension>
           #2      AndroidGradleBuilder.buildApk (package:flutter_tools/src/android/gradle.dart:236:5)
           <asynchronous suspension>
           #3      BuildApkCommand.runCommand (package:flutter_tools/src/commands/build_apk.dart:132:5)
           <asynchronous suspension>
           #4      FlutterCommand.run.<anonymous closure> (package:flutter_tools/src/runner/flutter_command.dart:1630:27)
           <asynchronous suspension>
           #5      AppContext.run.<anonymous closure> (package:flutter_tools/src/base/context.dart:154:19)
           <asynchronous suspension>
           #6      CommandRunner.runCommand (package:args/command_runner.dart:212:13)
           <asynchronous suspension>
           #7      FlutterCommandRunner.runCommand.<anonymous closure> (package:flutter_tools/src/runner/flutter_command_runner.dart:496:9)
           <asynchronous suspension>
           #8      AppContext.run.<anonymous closure> (package:flutter_tools/src/base/context.dart:154:19)
           <asynchronous suspension>
           #9      FlutterCommandRunner.runCommand (package:flutter_tools/src/runner/flutter_command_runner.dart:431:5)
           <asynchronous suspension>
           #10     FlutterCommandRunner.run.<anonymous closure> (package:flutter_tools/src/runner/flutter_command_runner.dart:307:33)
           <asynchronous suspension>
           #11     run.<anonymous closure>.<anonymous closure> (package:flutter_tools/runner.dart:104:11)
           <asynchronous suspension>
           #12     AppContext.run.<anonymous closure> (package:flutter_tools/src/base/context.dart:154:19)
           <asynchronous suspension>
           #13     main (package:flutter_tools/executable.dart:103:3)
           <asynchronous suspension>


[   +1 ms] Running 1 shutdown hook
[  +17 ms] Shutdown hooks complete
[ +280 ms] exiting with code 1
